eui,event_time,label,source,rain_24h_mm,pre_rain_mm,month,doy,huff_q,bsc,bsc_total_mm,bsc_duration_h,pre_vwc-10,peak_vwc-10,delta_vwc-10,t_peak_min-10,dry_h-10,temp_sum-10,add_rain-10,pre_vwc-30,peak_vwc-30,delta_vwc-30,t_peak_min-30,dry_h-30,temp_sum-30,add_rain-30,pre_vwc-45,peak_vwc-45,delta_vwc-45,t_peak_min-45,dry_h-45,temp_sum-45,add_rain-45,vwc_min-10,vwc_max-10,vwc_min-30,vwc_max-30,vwc_min-45,vwc_max-45,tree_fid,tree_devEUI,tree_treeName,tree_project,tree_genus,tree_species,tree_variety,tree_height,tree_crownDiam,tree_stemDiam,tree_vitality,tree_latitude,tree_longitude,tree_amsl,tree_germDate,tree_plantDate,tree_cutDwnDate,tree_assesDate,tree_soilDate,tree_Note,tree_greenAtta2,tree_greenAtta5,tree_greenAtta7,tree_greenDeta2,tree_greenDeta5,tree_greenDeta7,tree_buildings2,tree_buildings5,tree_buildings7,tree_sealedSu2,tree_sealedSu5,tree_sealedSu7,tree_tpi2m5,tree_tpi5m,tree_tpi7m5,tree_twi,tree_flotAcc,tree_slope,tree_pH,tree_saltCont,tree_conductiv,tree_nSoluble,tree_ammNSolubl,tree_nitrNSolub,tree_mgSoluble,tree_phSoluble,tree_kSoluble,tree_part1Perc,tree_part2Perc,tree_part3Perc,tree_part4Perc,tree_part5Perc,tree_part6Perc,tree_part7Perc,tree_senInsDate,tree_senRmvDate,tree_geometry_x,tree_geometry_y,tree_DTGW,tree_SVF,tree_tpiCD,tree_greenAttCD,tree_greenDetCD,tree_buildingCD,tree_sealedSuCD,tree_elevation,tree_Kf,tree_naSoluble,tree_clSoluble,tree_tpv,tree_pF1.5,tree_pF1.8,tree_pF2.0,tree_pF2.5,tree_pF3.0,tree_pF4.2,tree_dbd,tree_coarFrag,tree_age_years
A840414959590970,2024-11-25 22:00:00,RAIN,BSC_RAIN,5.54,0.4,11,330,4,1001,5.34,8.0,,4.31,,0.0,,,,,5.72,,0.0,,,,,24.14,,0.0,,,,11.49,15.12,7.31,9.47,14.76,17.94,,A840414959590970,46-Eiche,City Potsdam,quercus,robur,fastigiata,14.8,5.2,0.33,1,,,31.98,1980-01-01,,,2024-06-03,2024-11-12,,5.37,0.0,0.0,0.0,0.0,0.0,0.0,0.0,0.0,14.27,58.9,98.17,0.0,0.00437,0.01673,6.21449,5.0,0.573,"6,3","0,36",678,36,"1,2",35,"47,4","71,0","61,1",6.39,2.7,6.09,6.49,22.8,33.7,21.9,2024/11/18 00:00:00,,775291.3482383972,5813143.425854207,1.979999542236328,0.946239650249481,0.00071,5.37,0.0,0.0,15.83,31.979999542236328,1.2e-4,"324,7",179,0.746,0.506,0.413,0.4,0.36,0.341,0.203,0.59,0.038,46.6
A840414959590970,2024-11-27 19:00:00,RAIN,BSC_RAIN,5.63,0.5,11,332,1,1101,9.73,22.0,,4.65,,660.0,,,,,5.72,,660.0,,,,,24.61,,660.0,,,,11.49,15.12,7.31,9.47,14.76,17.94,,A840414959590970,46-Eiche,City Potsdam,quercus,robur,fastigiata,14.8,5.2,0.33,1,,,31.98,1980-01-01,,,2024-06-03,2024-11-12,,5.37,0.0,0.0,0.0,0.0,0.0,0.0,0.0,0.0,14.27,58.9,98.17,0.0,0.00437,0.01673,6.21449,5.0,0.573,"6,3","0,36",678,36,"1,2",35,"47,4","71,0","61,1",6.39,2.7,6.09,6.49,22.8,33.7,21.9,2024/11/18 00:00:00,,775291.3482383972,5813143.425854207,1.979999542236328,0.946239650249481,0.00071,5.37,0.0,0.0,15.83,31.979999542236328,1.2e-4,"324,7",179,0.746,0.506,0.413,0.4,0.36,0.341,0.203,0.59,0.038,46.6
A840414959590970,2024-12-05 21:00:00,RAIN,BSC_RAIN,14.98,1.3,12,340,3,1,17.08,15.0,,4.53,,1260.0,,,,,5.58,,1260.0,,,,,25.75,,1260.0,,,,11.49,15.12,7.31,9.47,14.76,17.94,,A840414959590970,46-Eiche,City Potsdam,quercus,robur,fastigiata,14.8,5.2,0.33,1,,,31.98,1980-01-01,,,2024-06-03,2024-11-12,,5.37,0.0,0.0,0.0,0.0,0.0,0.0,0.0,0.0,14.27,58.9,98.17,0.0,0.00437,0.01673,6.21449,5.0,0.573,"6,3","0,36",678,36,"1,2",35,"47,4","71,0","61,1",6.39,2.7,6.09,6.49,22.8,33.7,21.9,2024/11/18 00:00:00,,775291.3482383972,5813143.425854207,1.979999542236328,0.946239650249481,0.00071,5.37,0.0,0.0,15.83,31.979999542236328,1.2e-4,"324,7",179,0.746,0.506,0.413,0.4,0.36,0.341,0.203,0.59,0.038,46.6
A840414959590970,2024-12-21 20:00:00,RAIN,BSC_RAIN,5.07,1.3,12,356,2,1100,7.07,17.0,5.26,5.26,0.0,600.0,0.0,6.22,0.0,5.83,5.76,-0.07,840.0,0.0,6.3,0.2,27.75,27.73,-0.02,600.0,0.0,6.22,0.0,11.49,15.12,7.31,9.47,14.76,17.94,,A840414959590970,46-Eiche,City Potsdam,quercus,robur,fastigiata,14.8,5.2,0.33,1,,,31.98,1980-01-01,,,2024-06-03,2024-11-12,,5.37,0.0,0.0,0.0,0.0,0.0,0.0,0.0,0.0,14.27,58.9,98.17,0.0,0.00437,0.01673,6.21449,5.0,0.573,"6,3","0,36",678,36,"1,2",35,"47,4","71,0","61,1",6.39,2.7,6.09,6.49,22.8,33.7,21.9,2024/11/18 00:00:00,,775291.3482383972,5813143.425854207,1.979999542236328,0.946239650249481,0.00071,5.37,0.0,0.0,15.83,31.979999542236328,1.2e-4,"324,7",179,0.746,0.506,0.413,0.4,0.36,0.341,0.203,0.59,0.038,46.6
A840414959590970,2024-12-23 11:00:00,RAIN,BSC_RAIN,5.57,2.57,12,358,1,1111,5.5,9.0,5.26,5.26,0.0,0.0,0.0,2.94,0.7,5.8,5.8,0.0,0.0,0.0,2.94,0.7,27.73,27.73,0.0,0.0,0.0,2.94,0.7,11.49,15.12,7.31,9.47,14.76,17.94,,A840414959590970,46-Eiche,City Potsdam,quercus,robur,fastigiata,14.8,5.2,0.33,1,,,31.98,1980-01-01,,,2024-06-03,2024-11-12,,5.37,0.0,0.0,0.0,0.0,0.0,0.0,0.0,0.0,14.27,58.9,98.17,0.0,0.00437,0.01673,6.21449,5.0,0.573,"6,3","0,36",678,36,"1,2",35,"47,4","71,0","61,1",6.39,2.7,6.09,6.49,22.8,33.7,21.9,2024/11/18 00:00:00,,775291.3482383972,5813143.425854207,1.979999542236328,0.946239650249481,0.00071,5.37,0.0,0.0,15.83,31.979999542236328,1.2e-4,"324,7",179,0.746,0.506,0.413,0.4,0.36,0.341,0.203,0.59,0.038,46.6
A840414959590970,2025-01-05 15:00:00,RAIN,BSC_RAIN,13.64,0.5,1,5,2,1111,17.92,22.0,,5.19,,30.0,,,,,5.1,,30.0,,,,,27.39,,30.0,,,,11.49,15.12,7.31,9.47,14.76,17.94,,A840414959590970,46-Eiche,City Potsdam,quercus,robur,fastigiata,14.8,5.2,0.33,1,,,31.98,1980-01-01,,,2024-06-03,2024-11-12,,5.37,0.0,0.0,0.0,0.0,0.0,0.0,0.0,0.0,14.27,58.9,98.17,0.0,0.00437,0.01673,6.21449,5.0,0.573,"6,3","0,36",678,36,"1,2",35,"47,4","71,0","61,1",6.39,2.7,6.09,6.49,22.8,33.7,21.9,2024/11/18 00:00:00,,775291.3482383972,5813143.425854207,1.979999542236328,0.946239650249481,0.00071,5.37,0.0,0.0,15.83,31.979999542236328,1.2e-4,"324,7",179,0.746,0.506,0.413,0.4,0.36,0.341,0.203,0.59,0.038,46.6
A840414959590970,2025-01-09 01:00:00,RAIN,BSC_RAIN,3.77,0.17,1,9,3,1,13.97,22.0,,8.52,,1350.0,,,,,8.65,,1350.0,,,,,32.8,,1350.0,,,,11.49,15.12,7.31,9.47,14.76,17.94,,A840414959590970,46-Eiche,City Potsdam,quercus,robur,fastigiata,14.8,5.2,0.33,1,,,31.98,1980-01-01,,,2024-06-03,2024-11-12,,5.37,0.0,0.0,0.0,0.0,0.0,0.0,0.0,0.0,14.27,58.9,98.17,0.0,0.00437,0.01673,6.21449,5.0,0.573,"6,3","0,36",678,36,"1,2",35,"47,4","71,0","61,1",6.39,2.7,6.09,6.49,22.8,33.7,21.9,2024/11/18 00:00:00,,775291.3482383972,5813143.425854207,1.979999542236328,0.946239650249481,0.00071,5.37,0.0,0.0,15.83,31.979999542236328,1.2e-4,"324,7",179,0.746,0.506,0.413,0.4,0.36,0.341,0.203,0.59,0.038,46.6
A840414959590970,2025-01-23 06:00:00,RAIN,BSC_RAIN,6.1,0.14,1,23,2,1111,6.1,7.0,,6.52,,60.0,,,,,6.33,,60.0,,,,,30.87,,60.0,,,,11.49,15.12,7.31,9.47,14.76,17.94,,A840414959590970,46-Eiche,City Potsdam,quercus,robur,fastigiata,14.8,5.2,0.33,1,,,31.98,1980-01-01,,,2024-06-03,2024-11-12,,5.37,0.0,0.0,0.0,0.0,0.0,0.0,0.0,0.0,14.27,58.9,98.17,0.0,0.00437,0.01673,6.21449,5.0,0.573,"6,3","0,36",678,36,"1,2",35,"47,4","71,0","61,1",6.39,2.7,6.09,6.49,22.8,33.7,21.9,2024/11/18 00:00:00,,775291.3482383972,5813143.425854207,1.979999542236328,0.946239650249481,0.00071,5.37,0.0,0.0,15.83,31.979999542236328,1.2e-4,"324,7",179,0.746,0.506,0.413,0.4,0.36,0.341,0.203,0.59,0.038,46.6
A840414959590970,2025-02-26 05:00:00,RAIN,BSC_RAIN,6.53,2.92,2,57,4,1100,6.28,10.0,6.56,6.99,0.43,1380.0,,,,5.42,5.72,0.3,1380.0,,,,29.69,29.96,0.27,1380.0,,,,11.49,15.12,7.31,9.47,14.76,17.94,,A840414959590970,46-Eiche,City Potsdam,quercus,robur,fastigiata,14.8,5.2,0.33,1,,,31.98,1980-01-01,,,2024-06-03,2024-11-12,,5.37,0.0,0.0,0.0,0.0,0.0,0.0,0.0,0.0,14.27,58.9,98.17,0.0,0.00437,0.01673,6.21449,5.0,0.573,"6,3","0,36",678,36,"1,2",35,"47,4","71,0","61,1",6.39,2.7,6.09,6.49,22.8,33.7,21.9,2024/11/18 00:00:00,,775291.3482383972,5813143.425854207,1.979999542236328,0.946239650249481,0.00071,5.37,0.0,0.0,15.83,31.979999542236328,1.2e-4,"324,7",179,0.746,0.506,0.413,0.4,0.36,0.341,0.203,0.59,0.038,46.6
A840414959590970,2025-03-30 09:00:00,RAIN,BSC_RAIN,7.4,1.2,3,89,1,1111,7.4,11.0,9.31,10.06,0.75,1380.0,,,,8.73,9.2,0.47,1380.0,,,,33.21,35.33,2.12,1380.0,,,,11.49,15.12,7.31,9.47,14.76,17.94,,A840414959590970,46-Eiche,City Potsdam,quercus,robur,fastigiata,14.8,5.2,0.33,1,,,31.98,1980-01-01,,,2024-06-03,2024-11-12,,5.37,0.0,0.0,0.0,0.0,0.0,0.0,0.0,0.0,14.27,58.9,98.17,0.0,0.00437,0.01673,6.21449,5.0,0.573,"6,3","0,36",678,36,"1,2",35,"47,4","71,0","61,1",6.39,2.7,6.09,6.49,22.8,33.7,21.9,2024/11/18 00:00:00,,775291.3482383972,5813143.425854207,1.979999542236328,0.946239650249481,0.00071,5.37,0.0,0.0,15.83,31.979999542236328,1.2e-4,"324,7",179,0.746,0.506,0.413,0.4,0.36,0.341,0.203,0.59,0.038,46.6
A840414959590970,2025-04-18 22:00:00,RAIN,BSC_RAIN,8.33,3.2,4,108,1,1111,8.43,13.0,,12.44,,1260.0,,,,,12.07,,1260.0,,,,,38.53,,1260.0,,,,11.49,15.12,7.31,9.47,14.76,17.94,,A840414959590970,46-Eiche,City Potsdam,quercus,robur,fastigiata,14.8,5.2,0.33,1,,,31.98,1980-01-01,,,2024-06-03,2024-11-12,,5.37,0.0,0.0,0.0,0.0,0.0,0.0,0.0,0.0,14.27,58.9,98.17,0.0,0.00437,0.01673,6.21449,5.0,0.573,"6,3","0,36",678,36,"1,2",35,"47,4","71,0","61,1",6.39,2.7,6.09,6.49,22.8,33.7,21.9,2024/11/18 00:00:00,,775291.3482383972,5813143.425854207,1.979999542236328,0.946239650249481,0.00071,5.37,0.0,0.0,15.83,31.979999542236328,1.2e-4,"324,7",179,0.746,0.506,0.413,0.4,0.36,0.341,0.203,0.59,0.038,46.6
A840414959590970,2025-05-03 14:00:00,RAIN,BSC_RAIN,18.1,3.1,5,123,2,1111,18.1,5.0,15.15,14.99,-0.16,750.0,0.0,0.0,0.0,12.97,12.93,-0.04,750.0,0.0,0.0,0.0,34.76,34.65,-0.11,750.0,0.0,0.0,0.0,11.49,15.12,7.31,9.47,14.76,17.94,,A840414959590970,46-Eiche,City Potsdam,quercus,robur,fastigiata,14.8,5.2,0.33,1,,,31.98,1980-01-01,,,2024-06-03,2024-11-12,,5.37,0.0,0.0,0.0,0.0,0.0,0.0,0.0,0.0,14.27,58.9,98.17,0.0,0.00437,0.01673,6.21449,5.0,0.573,"6,3","0,36",678,36,"1,2",35,"47,4","71,0","61,1",6.39,2.7,6.09,6.49,22.8,33.7,21.9,2024/11/18 00:00:00,,775291.3482383972,5813143.425854207,1.979999542236328,0.946239650249481,0.00071,5.37,0.0,0.0,15.83,31.979999542236328,1.2e-4,"324,7",179,0.746,0.506,0.413,0.4,0.36,0.341,0.203,0.59,0.038,46.6
A840414959590970,2025-05-25 02:00:00,RAIN,BSC_RAIN,4.75,0.17,5,145,3,0,6.27,15.0,,10.13,,210.0,,,,,12.36,,210.0,,,,,29.89,,210.0,,,,11.49,15.12,7.31,9.47,14.76,17.94,,A840414959590970,46-Eiche,City Potsdam,quercus,robur,fastigiata,14.8,5.2,0.33,1,,,31.98,1980-01-01,,,2024-06-03,2024-11-12,,5.37,0.0,0.0,0.0,0.0,0.0,0.0,0.0,0.0,14.27,58.9,98.17,0.0,0.00437,0.01673,6.21449,5.0,0.573,"6,3","0,36",678,36,"1,2",35,"47,4","71,0","61,1",6.39,2.7,6.09,6.49,22.8,33.7,21.9,2024/11/18 00:00:00,,775291.3482383972,5813143.425854207,1.979999542236328,0.946239650249481,0.00071,5.37,0.0,0.0,15.83,31.979999542236328,1.2e-4,"324,7",179,0.746,0.506,0.413,0.4,0.36,0.341,0.203,0.59,0.038,46.6
A840414959590970,2025-05-27 23:00:00,RAIN,BSC_RAIN,3.23,0.14,5,147,4,1000,8.99,21.0,,9.99,,630.0,,,,,11.72,,630.0,,,,,28.43,,150.0,,,,11.49,15.12,7.31,9.47,14.76,17.94,,A840414959590970,46-Eiche,City Potsdam,quercus,robur,fastigiata,14.8,5.2,0.33,1,,,31.98,1980-01-01,,,2024-06-03,2024-11-12,,5.37,0.0,0.0,0.0,0.0,0.0,0.0,0.0,0.0,14.27,58.9,98.17,0.0,0.00437,0.01673,6.21449,5.0,0.573,"6,3","0,36",678,36,"1,2",35,"47,4","71,0","61,1",6.39,2.7,6.09,6.49,22.8,33.7,21.9,2024/11/18 00:00:00,,775291.3482383972,5813143.425854207,1.979999542236328,0.946239650249481,0.00071,5.37,0.0,0.0,15.83,31.979999542236328,1.2e-4,"324,7",179,0.746,0.506,0.413,0.4,0.36,0.341,0.203,0.59,0.038,46.6
A840414959590970,2025-06-01 01:00:00,RAIN,BSC_RAIN,4.17,0.2,6,152,1,1111,6.21,19.0,,9.95,,750.0,,,,,11.46,,270.0,,,,,27.05,,270.0,,,,11.49,15.12,7.31,9.47,14.76,17.94,,A840414959590970,46-Eiche,City Potsdam,quercus,robur,fastigiata,14.8,5.2,0.33,1,,,31.98,1980-01-01,,,2024-06-03,2024-11-12,,5.37,0.0,0.0,0.0,0.0,0.0,0.0,0.0,0.0,14.27,58.9,98.17,0.0,0.00437,0.01673,6.21449,5.0,0.573,"6,3","0,36",678,36,"1,2",35,"47,4","71,0","61,1",6.39,2.7,6.09,6.49,22.8,33.7,21.9,2024/11/18 00:00:00,,775291.3482383972,5813143.425854207,1.979999542236328,0.946239650249481,0.00071,5.37,0.0,0.0,15.83,31.979999542236328,1.2e-4,"324,7",179,0.746,0.506,0.413,0.4,0.36,0.341,0.203,0.59,0.038,46.6
A840414959590970,2025-06-04 11:00:00,RAIN,BSC_RAIN,6.08,0.35,6,155,3,1111,5.98,12.0,,10.53,,1410.0,,,,,11.65,,1410.0,,,,,26.17,,1170.0,,,,11.49,15.12,7.31,9.47,14.76,17.94,,A840414959590970,46-Eiche,City Potsdam,quercus,robur,fastigiata,14.8,5.2,0.33,1,,,31.98,1980-01-01,,,2024-06-03,2024-11-12,,5.37,0.0,0.0,0.0,0.0,0.0,0.0,0.0,0.0,14.27,58.9,98.17,0.0,0.00437,0.01673,6.21449,5.0,0.573,"6,3","0,36",678,36,"1,2",35,"47,4","71,0","61,1",6.39,2.7,6.09,6.49,22.8,33.7,21.9,2024/11/18 00:00:00,,775291.3482383972,5813143.425854207,1.979999542236328,0.946239650249481,0.00071,5.37,0.0,0.0,15.83,31.979999542236328,1.2e-4,"324,7",179,0.746,0.506,0.413,0.4,0.36,0.341,0.203,0.59,0.038,46.6
A840414959590970,2025-06-10 13:00:00,RAIN,BSC_RAIN,9.2,0.39,6,161,2,1111,9.2,9.0,,9.99,,1290.0,,,,,11.22,,570.0,,,,,24.41,,570.0,,,,11.49,15.12,7.31,9.47,14.76,17.94,,A840414959590970,46-Eiche,City Potsdam,quercus,robur,fastigiata,14.8,5.2,0.33,1,,,31.98,1980-01-01,,,2024-06-03,2024-11-12,,5.37,0.0,0.0,0.0,0.0,0.0,0.0,0.0,0.0,14.27,58.9,98.17,0.0,0.00437,0.01673,6.21449,5.0,0.573,"6,3","0,36",678,36,"1,2",35,"47,4","71,0","61,1",6.39,2.7,6.09,6.49,22.8,33.7,21.9,2024/11/18 00:00:00,,775291.3482383972,5813143.425854207,1.979999542236328,0.946239650249481,0.00071,5.37,0.0,0.0,15.83,31.979999542236328,1.2e-4,"324,7",179,0.746,0.506,0.413,0.4,0.36,0.341,0.203,0.59,0.038,46.6
A840414959590970,2025-06-26 17:00:00,RAIN,BSC_RAIN,13.27,0.3,6,177,3,1111,13.2,4.0,14.46,14.3,-0.16,150.0,0.0,0.0,0.0,13.69,13.66,-0.03,150.0,0.0,0.0,0.0,22.28,22.41,0.13,630.0,9.0,187.88,0.6,11.49,15.12,7.31,9.47,14.76,17.94,,A840414959590970,46-Eiche,City Potsdam,quercus,robur,fastigiata,14.8,5.2,0.33,1,,,31.98,1980-01-01,,,2024-06-03,2024-11-12,,5.37,0.0,0.0,0.0,0.0,0.0,0.0,0.0,0.0,14.27,58.9,98.17,0.0,0.00437,0.01673,6.21449,5.0,0.573,"6,3","0,36",678,36,"1,2",35,"47,4","71,0","61,1",6.39,2.7,6.09,6.49,22.8,33.7,21.9,2024/11/18 00:00:00,,775291.3482383972,5813143.425854207,1.979999542236328,0.946239650249481,0.00071,5.37,0.0,0.0,15.83,31.979999542236328,1.2e-4,"324,7",179,0.746,0.506,0.413,0.4,0.36,0.341,0.203,0.59,0.038,46.6
A840414959590970,2025-07-07 17:00:00,RAIN,BSC_RAIN,9.54,1.3,7,188,4,0,9.54,8.0,,12.83,,90.0,,,,,12.51,,90.0,,,,,19.88,,90.0,,,,11.49,15.12,7.31,9.47,14.76,17.94,,A840414959590970,46-Eiche,City Potsdam,quercus,robur,fastigiata,14.8,5.2,0.33,1,,,31.98,1980-01-01,,,2024-06-03,2024-11-12,,5.37,0.0,0.0,0.0,0.0,0.0,0.0,0.0,0.0,14.27,58.9,98.17,0.0,0.00437,0.01673,6.21449,5.0,0.573,"6,3","0,36",678,36,"1,2",35,"47,4","71,0","61,1",6.39,2.7,6.09,6.49,22.8,33.7,21.9,2024/11/18 00:00:00,,775291.3482383972,5813143.425854207,1.979999542236328,0.946239650249481,0.00071,5.37,0.0,0.0,15.83,31.979999542236328,1.2e-4,"324,7",179,0.746,0.506,0.413,0.4,0.36,0.341,0.203,0.59,0.038,46.6
A840414959590970,2025-07-12 07:00:00,RAIN,BSC_RAIN,16.15,3.45,7,193,1,1111,13.0,11.0,,12.02,,210.0,,,,,11.72,,690.0,,,,,19.25,,210.0,,,,11.49,15.12,7.31,9.47,14.76,17.94,,A840414959590970,46-Eiche,City Potsdam,quercus,robur,fastigiata,14.8,5.2,0.33,1,,,31.98,1980-01-01,,,2024-06-03,2024-11-12,,5.37,0.0,0.0,0.0,0.0,0.0,0.0,0.0,0.0,14.27,58.9,98.17,0.0,0.00437,0.01673,6.21449,5.0,0.573,"6,3","0,36",678,36,"1,2",35,"47,4","71,0","61,1",6.39,2.7,6.09,6.49,22.8,33.7,21.9,2024/11/18 00:00:00,,775291.3482383972,5813143.425854207,1.979999542236328,0.946239650249481,0.00071,5.37,0.0,0.0,15.83,31.979999542236328,1.2e-4,"324,7",179,0.746,0.506,0.413,0.4,0.36,0.341,0.203,0.59,0.038,46.6
A840414959590970,2025-07-13 02:00:00,RAIN,BSC_RAIN,16.97,13.86,7,194,1,1111,15.73,15.0,,11.86,,30.0,,,,,11.62,,30.0,,,,,19.25,,30.0,,,,11.49,15.12,7.31,9.47,14.76,17.94,,A840414959590970,46-Eiche,City Potsdam,quercus,robur,fastigiata,14.8,5.2,0.33,1,,,31.98,1980-01-01,,,2024-06-03,2024-11-12,,5.37,0.0,0.0,0.0,0.0,0.0,0.0,0.0,0.0,14.27,58.9,98.17,0.0,0.00437,0.01673,6.21449,5.0,0.573,"6,3","0,36",678,36,"1,2",35,"47,4","71,0","61,1",6.39,2.7,6.09,6.49,22.8,33.7,21.9,2024/11/18 00:00:00,,775291.3482383972,5813143.425854207,1.979999542236328,0.946239650249481,0.00071,5.37,0.0,0.0,15.83,31.979999542236328,1.2e-4,"324,7",179,0.746,0.506,0.413,0.4,0.36,0.341,0.203,0.59,0.038,46.6
A840414959590970,2025-07-17 11:00:00,RAIN,BSC_RAIN,14.1,2.8,7,198,2,1111,14.1,6.0,,12.99,,930.0,,,,,10.97,,450.0,,,,,18.74,,930.0,,,,11.49,15.12,7.31,9.47,14.76,17.94,,A840414959590970,46-Eiche,City Potsdam,quercus,robur,fastigiata,14.8,5.2,0.33,1,,,31.98,1980-01-01,,,2024-06-03,2024-11-12,,5.37,0.0,0.0,0.0,0.0,0.0,0.0,0.0,0.0,14.27,58.9,98.17,0.0,0.00437,0.01673,6.21449,5.0,0.573,"6,3","0,36",678,36,"1,2",35,"47,4","71,0","61,1",6.39,2.7,6.09,6.49,22.8,33.7,21.9,2024/11/18 00:00:00,,775291.3482383972,5813143.425854207,1.979999542236328,0.946239650249481,0.00071,5.37,0.0,0.0,15.83,31.979999542236328,1.2e-4,"324,7",179,0.746,0.506,0.413,0.4,0.36,0.341,0.203,0.59,0.038,46.6
A840414959590970,2025-07-21 01:00:00,RAIN,BSC_RAIN,7.47,0.67,7,202,4,0,29.97,19.0,13.06,13.95,0.89,1050.0,,,,10.53,10.76,0.23,1050.0,104.0,1946.94,26.78,18.25,18.67,0.42,1050.0,,,,11.49,15.12,7.31,9.47,14.76,17.94,,A840414959590970,46-Eiche,City Potsdam,quercus,robur,fastigiata,14.8,5.2,0.33,1,,,31.98,1980-01-01,,,2024-06-03,2024-11-12,,5.37,0.0,0.0,0.0,0.0,0.0,0.0,0.0,0.0,14.27,58.9,98.17,0.0,0.00437,0.01673,6.21449,5.0,0.573,"6,3","0,36",678,36,"1,2",35,"47,4","71,0","61,1",6.39,2.7,6.09,6.49,22.8,33.7,21.9,2024/11/18 00:00:00,,775291.3482383972,5813143.425854207,1.979999542236328,0.946239650249481,0.00071,5.37,0.0,0.0,15.83,31.979999542236328,1.2e-4,"324,7",179,0.746,0.506,0.413,0.4,0.36,0.341,0.203,0.59,0.038,46.6
A840414959590970,2025-07-22 10:00:00,RAIN,BSC_RAIN,2.5,26.7,7,203,4,1,17.81,32.0,,15.37,,750.0,,,,,10.67,,30.0,,,,,18.74,,750.0,,,,11.49,15.12,7.31,9.47,14.76,17.94,,A840414959590970,46-Eiche,City Potsdam,quercus,robur,fastigiata,14.8,5.2,0.33,1,,,31.98,1980-01-01,,,2024-06-03,2024-11-12,,5.37,0.0,0.0,0.0,0.0,0.0,0.0,0.0,0.0,14.27,58.9,98.17,0.0,0.00437,0.01673,6.21449,5.0,0.573,"6,3","0,36",678,36,"1,2",35,"47,4","71,0","61,1",6.39,2.7,6.09,6.49,22.8,33.7,21.9,2024/11/18 00:00:00,,775291.3482383972,5813143.425854207,1.979999542236328,0.946239650249481,0.00071,5.37,0.0,0.0,15.83,31.979999542236328,1.2e-4,"324,7",179,0.746,0.506,0.413,0.4,0.36,0.341,0.203,0.59,0.038,46.6
A840414959590970,2025-08-05 01:00:00,RAIN,BSC_RAIN,10.78,4.28,8,217,3,1000,10.78,11.0,,15.49,,0.0,,,,,10.48,,450.0,,,,,18.21,,450.0,,,,11.49,15.12,7.31,9.47,14.76,17.94,,A840414959590970,46-Eiche,City Potsdam,quercus,robur,fastigiata,14.8,5.2,0.33,1,,,31.98,1980-01-01,,,2024-06-03,2024-11-12,,5.37,0.0,0.0,0.0,0.0,0.0,0.0,0.0,0.0,14.27,58.9,98.17,0.0,0.00437,0.01673,6.21449,5.0,0.573,"6,3","0,36",678,36,"1,2",35,"47,4","71,0","61,1",6.39,2.7,6.09,6.49,22.8,33.7,21.9,2024/11/18 00:00:00,,775291.3482383972,5813143.425854207,1.979999542236328,0.946239650249481,0.00071,5.37,0.0,0.0,15.83,31.979999542236328,1.2e-4,"324,7",179,0.746,0.506,0.413,0.4,0.36,0.341,0.203,0.59,0.038,46.6
A840414959590970,2025-08-28 13:00:00,RAIN,BSC_RAIN,7.05,3.51,8,240,3,11,6.65,7.0,,17.98,,1260.0,,,,,11.74,,1260.0,,,,,18.36,,1260.0,,,,11.49,15.12,7.31,9.47,14.76,17.94,,A840414959590970,46-Eiche,City Potsdam,quercus,robur,fastigiata,14.8,5.2,0.33,1,,,31.98,1980-01-01,,,2024-06-03,2024-11-12,,5.37,0.0,0.0,0.0,0.0,0.0,0.0,0.0,0.0,14.27,58.9,98.17,0.0,0.00437,0.01673,6.21449,5.0,0.573,"6,3","0,36",678,36,"1,2",35,"47,4","71,0","61,1",6.39,2.7,6.09,6.49,22.8,33.7,21.9,2024/11/18 00:00:00,,775291.3482383972,5813143.425854207,1.979999542236328,0.946239650249481,0.00071,5.37,0.0,0.0,15.83,31.979999542236328,1.2e-4,"324,7",179,0.746,0.506,0.413,0.4,0.36,0.341,0.203,0.59,0.038,46.6
A840414959590970,2025-09-01 23:00:00,RAIN,BSC_RAIN,5.87,1.05,9,244,4,1000,8.72,15.0,,32.28,,1140.0,,,,,19.93,,1140.0,,,,,24.04,,1140.0,,,,11.49,15.12,7.31,9.47,14.76,17.94,,A840414959590970,46-Eiche,City Potsdam,quercus,robur,fastigiata,14.8,5.2,0.33,1,,,31.98,1980-01-01,,,2024-06-03,2024-11-12,,5.37,0.0,0.0,0.0,0.0,0.0,0.0,0.0,0.0,14.27,58.9,98.17,0.0,0.00437,0.01673,6.21449,5.0,0.573,"6,3","0,36",678,36,"1,2",35,"47,4","71,0","61,1",6.39,2.7,6.09,6.49,22.8,33.7,21.9,2024/11/18 00:00:00,,775291.3482383972,5813143.425854207,1.979999542236328,0.946239650249481,0.00071,5.37,0.0,0.0,15.83,31.979999542236328,1.2e-4,"324,7",179,0.746,0.506,0.413,0.4,0.36,0.341,0.203,0.59,0.038,46.6
A840414959590970,2025-09-04 23:00:00,RAIN,BSC_RAIN,15.59,0.28,9,247,3,11,15.8,16.0,,20.83,,660.0,,,,,13.12,,660.0,,,,,20.87,,660.0,,,,11.49,15.12,7.31,9.47,14.76,17.94,,A840414959590970,46-Eiche,City Potsdam,quercus,robur,fastigiata,14.8,5.2,0.33,1,,,31.98,1980-01-01,,,2024-06-03,2024-11-12,,5.37,0.0,0.0,0.0,0.0,0.0,0.0,0.0,0.0,14.27,58.9,98.17,0.0,0.00437,0.01673,6.21449,5.0,0.573,"6,3","0,36",678,36,"1,2",35,"47,4","71,0","61,1",6.39,2.7,6.09,6.49,22.8,33.7,21.9,2024/11/18 00:00:00,,775291.3482383972,5813143.425854207,1.979999542236328,0.946239650249481,0.00071,5.37,0.0,0.0,15.83,31.979999542236328,1.2e-4,"324,7",179,0.746,0.506,0.413,0.4,0.36,0.341,0.203,0.59,0.038,46.6
A840414959590970,2025-09-21 08:00:00,RAIN,BSC_RAIN,4.5,0.1,9,264,4,1,8.9,18.0,,14.9,,1410.0,,,,,9.67,,1170.0,,,,,18.11,,1170.0,,,,11.49,15.12,7.31,9.47,14.76,17.94,,A840414959590970,46-Eiche,City Potsdam,quercus,robur,fastigiata,14.8,5.2,0.33,1,,,31.98,1980-01-01,,,2024-06-03,2024-11-12,,5.37,0.0,0.0,0.0,0.0,0.0,0.0,0.0,0.0,14.27,58.9,98.17,0.0,0.00437,0.01673,6.21449,5.0,0.573,"6,3","0,36",678,36,"1,2",35,"47,4","71,0","61,1",6.39,2.7,6.09,6.49,22.8,33.7,21.9,2024/11/18 00:00:00,,775291.3482383972,5813143.425854207,1.979999542236328,0.946239650249481,0.00071,5.37,0.0,0.0,15.83,31.979999542236328,1.2e-4,"324,7",179,0.746,0.506,0.413,0.4,0.36,0.341,0.203,0.59,0.038,46.6
A840414959590970,2025-10-04 06:00:00,RAIN,BSC_RAIN,17.3,0.4,10,277,3,11,17.3,9.0,,11.88,,240.0,,,,,7.72,,480.0,,,,,16.23,,1200.0,,,,11.49,15.12,7.31,9.47,14.76,17.94,,A840414959590970,46-Eiche,City Potsdam,quercus,robur,fastigiata,14.8,5.2,0.33,1,,,31.98,1980-01-01,,,2024-06-03,2024-11-12,,5.37,0.0,0.0,0.0,0.0,0.0,0.0,0.0,0.0,14.27,58.9,98.17,0.0,0.00437,0.01673,6.21449,5.0,0.573,"6,3","0,36",678,36,"1,2",35,"47,4","71,0","61,1",6.39,2.7,6.09,6.49,22.8,33.7,21.9,2024/11/18 00:00:00,,775291.3482383972,5813143.425854207,1.979999542236328,0.946239650249481,0.00071,5.37,0.0,0.0,15.83,31.979999542236328,1.2e-4,"324,7",179,0.746,0.506,0.413,0.4,0.36,0.341,0.203,0.59,0.038,46.6
A840414959590970,2025-10-07 15:00:00,RAIN,BSC_RAIN,5.8,0.1,10,280,3,1,5.8,9.0,,11.43,,900.0,,,,,7.48,,900.0,,,,,15.94,,900.0,,,,11.49,15.12,7.31,9.47,14.76,17.94,,A840414959590970,46-Eiche,City Potsdam,quercus,robur,fastigiata,14.8,5.2,0.33,1,,,31.98,1980-01-01,,,2024-06-03,2024-11-12,,5.37,0.0,0.0,0.0,0.0,0.0,0.0,0.0,0.0,14.27,58.9,98.17,0.0,0.00437,0.01673,6.21449,5.0,0.573,"6,3","0,36",678,36,"1,2",35,"47,4","71,0","61,1",6.39,2.7,6.09,6.49,22.8,33.7,21.9,2024/11/18 00:00:00,,775291.3482383972,5813143.425854207,1.979999542236328,0.946239650249481,0.00071,5.37,0.0,0.0,15.83,31.979999542236328,1.2e-4,"324,7",179,0.746,0.506,0.413,0.4,0.36,0.341,0.203,0.59,0.038,46.6
A840414959590970,2025-10-26 10:00:00,RAIN,BSC_RAIN,8.1,1.5,10,299,3,1111,8.1,7.0,,9.38,,90.0,,,,,6.33,,90.0,,,,,14.76,,90.0,,,,11.49,15.12,7.31,9.47,14.76,17.94,,A840414959590970,46-Eiche,City Potsdam,quercus,robur,fastigiata,14.8,5.2,0.33,1,,,31.98,1980-01-01,,,2024-06-03,2024-11-12,,5.37,0.0,0.0,0.0,0.0,0.0,0.0,0.0,0.0,14.27,58.9,98.17,0.0,0.00437,0.01673,6.21449,5.0,0.573,"6,3","0,36",678,36,"1,2",35,"47,4","71,0","61,1",6.39,2.7,6.09,6.49,22.8,33.7,21.9,2024/11/18 00:00:00,,775291.3482383972,5813143.425854207,1.979999542236328,0.946239650249481,0.00071,5.37,0.0,0.0,15.83,31.979999542236328,1.2e-4,"324,7",179,0.746,0.506,0.413,0.4,0.36,0.341,0.203,0.59,0.038,46.6
A840414959590970,2025-10-27 02:00:00,RAIN,BSC_RAIN,8.8,8.2,10,300,2,10,6.8,15.0,,9.31,,90.0,,,,,6.27,,90.0,,,,,14.74,,90.0,,,,11.49,15.12,7.31,9.47,14.76,17.94,,A840414959590970,46-Eiche,City Potsdam,quercus,robur,fastigiata,14.8,5.2,0.33,1,,,31.98,1980-01-01,,,2024-06-03,2024-11-12,,5.37,0.0,0.0,0.0,0.0,0.0,0.0,0.0,0.0,14.27,58.9,98.17,0.0,0.00437,0.01673,6.21449,5.0,0.573,"6,3","0,36",678,36,"1,2",35,"47,4","71,0","61,1",6.39,2.7,6.09,6.49,22.8,33.7,21.9,2024/11/18 00:00:00,,775291.3482383972,5813143.425854207,1.979999542236328,0.946239650249481,0.00071,5.37,0.0,0.0,15.83,31.979999542236328,1.2e-4,"324,7",179,0.746,0.506,0.413,0.4,0.36,0.341,0.203,0.59,0.038,46.6
A840414959590970,2025-10-30 02:00:00,RAIN,BSC_RAIN,8.4,0.1,10,303,1,1111,8.4,10.0,9.0,9.0,0.0,90.0,0.0,0.0,0.0,6.05,6.05,0.0,90.0,0.0,0.0,0.0,14.54,14.54,0.0,90.0,0.0,0.0,0.0,11.49,15.12,7.31,9.47,14.76,17.94,,A840414959590970,46-Eiche,City Potsdam,quercus,robur,fastigiata,14.8,5.2,0.33,1,,,31.98,1980-01-01,,,2024-06-03,2024-11-12,,5.37,0.0,0.0,0.0,0.0,0.0,0.0,0.0,0.0,14.27,58.9,98.17,0.0,0.00437,0.01673,6.21449,5.0,0.573,"6,3","0,36",678,36,"1,2",35,"47,4","71,0","61,1",6.39,2.7,6.09,6.49,22.8,33.7,21.9,2024/11/18 00:00:00,,775291.3482383972,5813143.425854207,1.979999542236328,0.946239650249481,0.00071,5.37,0.0,0.0,15.83,31.979999542236328,1.2e-4,"324,7",179,0.746,0.506,0.413,0.4,0.36,0.341,0.203,0.59,0.038,46.6
A840414959590970,2025-11-14 17:00:00,RAIN,BSC_RAIN,6.3,0.7,11,318,3,11,16.4,30.0,,22.17,,1200.0,,,,,12.07,,1200.0,,,,,15.23,,1200.0,,,,11.49,15.12,7.31,9.47,14.76,17.94,,A840414959590970,46-Eiche,City Potsdam,quercus,robur,fastigiata,14.8,5.2,0.33,1,,,31.98,1980-01-01,,,2024-06-03,2024-11-12,,5.37,0.0,0.0,0.0,0.0,0.0,0.0,0.0,0.0,14.27,58.9,98.17,0.0,0.00437,0.01673,6.21449,5.0,0.573,"6,3","0,36",678,36,"1,2",35,"47,4","71,0","61,1",6.39,2.7,6.09,6.49,22.8,33.7,21.9,2024/11/18 00:00:00,,775291.3482383972,5813143.425854207,1.979999542236328,0.946239650249481,0.00071,5.37,0.0,0.0,15.83,31.979999542236328,1.2e-4,"324,7",179,0.746,0.506,0.413,0.4,0.36,0.341,0.203,0.59,0.038,46.6
A840414959590970,2025-11-19 14:00:00,RAIN,BSC_RAIN,4.9,0.7,11,323,3,1001,6.0,17.0,,16.51,,660.0,,,,,9.91,,660.0,,,,,16.17,,660.0,,,,11.49,15.12,7.31,9.47,14.76,17.94,,A840414959590970,46-Eiche,City Potsdam,quercus,robur,fastigiata,14.8,5.2,0.33,1,,,31.98,1980-01-01,,,2024-06-03,2024-11-12,,5.37,0.0,0.0,0.0,0.0,0.0,0.0,0.0,0.0,14.27,58.9,98.17,0.0,0.00437,0.01673,6.21449,5.0,0.573,"6,3","0,36",678,36,"1,2",35,"47,4","71,0","61,1",6.39,2.7,6.09,6.49,22.8,33.7,21.9,2024/11/18 00:00:00,,775291.3482383972,5813143.425854207,1.979999542236328,0.946239650249481,0.00071,5.37,0.0,0.0,15.83,31.979999542236328,1.2e-4,"324,7",179,0.746,0.506,0.413,0.4,0.36,0.341,0.203,0.59,0.038,46.6
A840414959590970,2026-01-03 07:00:00,RAIN,BSC_RAIN,8.3,4.3,1,3,2,111,8.3,12.0,,14.36,,1410.0,,,,,6.31,,930.0,,,,,13.92,,1410.0,,,,11.49,15.12,7.31,9.47,14.76,17.94,,A840414959590970,46-Eiche,City Potsdam,quercus,robur,fastigiata,14.8,5.2,0.33,1,,,31.98,1980-01-01,,,2024-06-03,2024-11-12,,5.37,0.0,0.0,0.0,0.0,0.0,0.0,0.0,0.0,14.27,58.9,98.17,0.0,0.00437,0.01673,6.21449,5.0,0.573,"6,3","0,36",678,36,"1,2",35,"47,4","71,0","61,1",6.39,2.7,6.09,6.49,22.8,33.7,21.9,2024/11/18 00:00:00,,775291.3482383972,5813143.425854207,1.979999542236328,0.946239650249481,0.00071,5.37,0.0,0.0,15.83,31.979999542236328,1.2e-4,"324,7",179,0.746,0.506,0.413,0.4,0.36,0.341,0.203,0.59,0.038,46.6
A840414959590970,2026-01-09 10:00:00,RAIN,BSC_RAIN,6.8,0.1,1,9,2,11,7.2,13.0,,14.2,,120.0,,,,,5.94,,120.0,,,,,13.6,,120.0,,,,11.49,15.12,7.31,9.47,14.76,17.94,,A840414959590970,46-Eiche,City Potsdam,quercus,robur,fastigiata,14.8,5.2,0.33,1,,,31.98,1980-01-01,,,2024-06-03,2024-11-12,,5.37,0.0,0.0,0.0,0.0,0.0,0.0,0.0,0.0,14.27,58.9,98.17,0.0,0.00437,0.01673,6.21449,5.0,0.573,"6,3","0,36",678,36,"1,2",35,"47,4","71,0","61,1",6.39,2.7,6.09,6.49,22.8,33.7,21.9,2024/11/18 00:00:00,,775291.3482383972,5813143.425854207,1.979999542236328,0.946239650249481,0.00071,5.37,0.0,0.0,15.83,31.979999542236328,1.2e-4,"324,7",179,0.746,0.506,0.413,0.4,0.36,0.341,0.203,0.59,0.038,46.6
A840414959590970,2026-01-25 22:00:00,RAIN,BSC_RAIN,8.4,0.1,1,25,1,1111,8.4,11.0,,21.01,,1080.0,,,,,5.5,,1080.0,,,,,13.19,,120.0,,,,11.49,15.12,7.31,9.47,14.76,17.94,,A840414959590970,46-Eiche,City Potsdam,quercus,robur,fastigiata,14.8,5.2,0.33,1,,,31.98,1980-01-01,,,2024-06-03,2024-11-12,,5.37,0.0,0.0,0.0,0.0,0.0,0.0,0.0,0.0,14.27,58.9,98.17,0.0,0.00437,0.01673,6.21449,5.0,0.573,"6,3","0,36",678,36,"1,2",35,"47,4","71,0","61,1",6.39,2.7,6.09,6.49,22.8,33.7,21.9,2024/11/18 00:00:00,,775291.3482383972,5813143.425854207,1.979999542236328,0.946239650249481,0.00071,5.37,0.0,0.0,15.83,31.979999542236328,1.2e-4,"324,7",179,0.746,0.506,0.413,0.4,0.36,0.341,0.203,0.59,0.038,46.6
A840414959590970,2026-02-05 01:00:00,RAIN,BSC_RAIN,4.6,0.3,2,36,1,1100,6.1,15.0,13.92,13.86,-0.06,60.0,0.0,-4.87,1.0,5.16,5.12,-0.04,60.0,0.0,-4.87,1.0,13.04,13.04,0.0,60.0,0.0,-4.87,1.0,11.49,15.12,7.31,9.47,14.76,17.94,,A840414959590970,46-Eiche,City Potsdam,quercus,robur,fastigiata,14.8,5.2,0.33,1,,,31.98,1980-01-01,,,2024-06-03,2024-11-12,,5.37,0.0,0.0,0.0,0.0,0.0,0.0,0.0,0.0,14.27,58.9,98.17,0.0,0.00437,0.01673,6.21449,5.0,0.573,"6,3","0,36",678,36,"1,2",35,"47,4","71,0","61,1",6.39,2.7,6.09,6.49,22.8,33.7,21.9,2024/11/18 00:00:00,,775291.3482383972,5813143.425854207,1.979999542236328,0.946239650249481,0.00071,5.37,0.0,0.0,15.83,31.979999542236328,1.2e-4,"324,7",179,0.746,0.506,0.413,0.4,0.36,0.341,0.203,0.59,0.038,46.6
A840414959590970,2026-02-22 06:00:00,RAIN,BSC_RAIN,11.6,1.2,2,53,2,111,11.6,11.0,,16.11,,210.0,,,,,5.92,,210.0,,,,,13.46,,210.0,,,,11.49,15.12,7.31,9.47,14.76,17.94,,A840414959590970,46-Eiche,City Potsdam,quercus,robur,fastigiata,14.8,5.2,0.33,1,,,31.98,1980-01-01,,,2024-06-03,2024-11-12,,5.37,0.0,0.0,0.0,0.0,0.0,0.0,0.0,0.0,14.27,58.9,98.17,0.0,0.00437,0.01673,6.21449,5.0,0.573,"6,3","0,36",678,36,"1,2",35,"47,4","71,0","61,1",6.39,2.7,6.09,6.49,22.8,33.7,21.9,2024/11/18 00:00:00,,775291.3482383972,5813143.425854207,1.979999542236328,0.946239650249481,0.00071,5.37,0.0,0.0,15.83,31.979999542236328,1.2e-4,"324,7",179,0.746,0.506,0.413,0.4,0.36,0.341,0.203,0.59,0.038,46.6
A840414959590970,2026-04-19 07:00:00,RAIN,BSC_RAIN,34.2,0.8,4,109,1,1111,46.9,32.0,,39.83,,1080.0,,,,,27.2,,1080.0,,,,,33.28,,1080.0,,,,11.49,15.12,7.31,9.47,14.76,17.94,,A840414959590970,46-Eiche,City Potsdam,quercus,robur,fastigiata,14.8,5.2,0.33,1,,,31.98,1980-01-01,,,2024-06-03,2024-11-12,,5.37,0.0,0.0,0.0,0.0,0.0,0.0,0.0,0.0,14.27,58.9,98.17,0.0,0.00437,0.01673,6.21449,5.0,0.573,"6,3","0,36",678,36,"1,2",35,"47,4","71,0","61,1",6.39,2.7,6.09,6.49,22.8,33.7,21.9,2024/11/18 00:00:00,,775291.3482383972,5813143.425854207,1.979999542236328,0.946239650249481,0.00071,5.37,0.0,0.0,15.83,31.979999542236328,1.2e-4,"324,7",179,0.746,0.506,0.413,0.4,0.36,0.341,0.203,0.59,0.038,46.6
A840414959590970,2026-05-05 23:00:00,RAIN,BSC_RAIN,15.0,1.2,5,125,2,111,15.0,11.0,,43.41,,210.0,,,,,37.91,,450.0,,,,,41.39,,450.0,,,,11.49,15.12,7.31,9.47,14.76,17.94,,A840414959590970,46-Eiche,City Potsdam,quercus,robur,fastigiata,14.8,5.2,0.33,1,,,31.98,1980-01-01,,,2024-06-03,2024-11-12,,5.37,0.0,0.0,0.0,0.0,0.0,0.0,0.0,0.0,14.27,58.9,98.17,0.0,0.00437,0.01673,6.21449,5.0,0.573,"6,3","0,36",678,36,"1,2",35,"47,4","71,0","61,1",6.39,2.7,6.09,6.49,22.8,33.7,21.9,2024/11/18 00:00:00,,775291.3482383972,5813143.425854207,1.979999542236328,0.946239650249481,0.00071,5.37,0.0,0.0,15.83,31.979999542236328,1.2e-4,"324,7",179,0.746,0.506,0.413,0.4,0.36,0.341,0.203,0.59,0.038,46.6
A840414959590970,2026-05-11 05:00:00,RAIN,BSC_RAIN,5.2,0.1,5,131,4,0,5.2,7.0,21.22,21.22,0.0,0.0,0.0,11.58,0.1,17.4,17.4,0.0,0.0,0.0,11.58,0.1,32.27,32.27,0.0,0.0,0.0,11.58,0.1,11.49,15.12,7.31,9.47,14.76,17.94,,A840414959590970,46-Eiche,City Potsdam,quercus,robur,fastigiata,14.8,5.2,0.33,1,,,31.98,1980-01-01,,,2024-06-03,2024-11-12,,5.37,0.0,0.0,0.0,0.0,0.0,0.0,0.0,0.0,14.27,58.9,98.17,0.0,0.00437,0.01673,6.21449,5.0,0.573,"6,3","0,36",678,36,"1,2",35,"47,4","71,0","61,1",6.39,2.7,6.09,6.49,22.8,33.7,21.9,2024/11/18 00:00:00,,775291.3482383972,5813143.425854207,1.979999542236328,0.946239650249481,0.00071,5.37,0.0,0.0,15.83,31.979999542236328,1.2e-4,"324,7",179,0.746,0.506,0.413,0.4,0.36,0.341,0.203,0.59,0.038,46.6
A840414959590970,2026-05-14 03:00:00,RAIN,BSC_RAIN,4.4,2.7,5,134,4,1100,8.1,13.0,,20.05,,300.0,,,,,15.82,,300.0,,,,,30.07,,300.0,,,,11.49,15.12,7.31,9.47,14.76,17.94,,A840414959590970,46-Eiche,City Potsdam,quercus,robur,fastigiata,14.8,5.2,0.33,1,,,31.98,1980-01-01,,,2024-06-03,2024-11-12,,5.37,0.0,0.0,0.0,0.0,0.0,0.0,0.0,0.0,14.27,58.9,98.17,0.0,0.00437,0.01673,6.21449,5.0,0.573,"6,3","0,36",678,36,"1,2",35,"47,4","71,0","61,1",6.39,2.7,6.09,6.49,22.8,33.7,21.9,2024/11/18 00:00:00,,775291.3482383972,5813143.425854207,1.979999542236328,0.946239650249481,0.00071,5.37,0.0,0.0,15.83,31.979999542236328,1.2e-4,"324,7",179,0.746,0.506,0.413,0.4,0.36,0.341,0.203,0.59,0.038,46.6
A840414959590970,2026-05-20 07:00:00,RAIN,BSC_RAIN,8.3,0.1,5,140,3,11,8.3,10.0,,25.02,,300.0,,,,,17.35,,300.0,,,,,33.11,,300.0,,,,11.49,15.12,7.31,9.47,14.76,17.94,,A840414959590970,46-Eiche,City Potsdam,quercus,robur,fastigiata,14.8,5.2,0.33,1,,,31.98,1980-01-01,,,2024-06-03,2024-11-12,,5.37,0.0,0.0,0.0,0.0,0.0,0.0,0.0,0.0,14.27,58.9,98.17,0.0,0.00437,0.01673,6.21449,5.0,0.573,"6,3","0,36",678,36,"1,2",35,"47,4","71,0","61,1",6.39,2.7,6.09,6.49,22.8,33.7,21.9,2024/11/18 00:00:00,,775291.3482383972,5813143.425854207,1.979999542236328,0.946239650249481,0.00071,5.37,0.0,0.0,15.83,31.979999542236328,1.2e-4,"324,7",179,0.746,0.506,0.413,0.4,0.36,0.341,0.203,0.59,0.038,46.6
A840414959590970,2026-06-29 11:00:00,RAIN,BSC_RAIN,13.0,0.9,6,180,2,1111,13.0,8.0,,26.01,,0.0,,,,,16.13,,0.0,,,,,26.96,,0.0,,,,11.49,15.12,7.31,9.47,14.76,17.94,,A840414959590970,46-Eiche,City Potsdam,quercus,robur,fastigiata,14.8,5.2,0.33,1,,,31.98,1980-01-01,,,2024-06-03,2024-11-12,,5.37,0.0,0.0,0.0,0.0,0.0,0.0,0.0,0.0,14.27,58.9,98.17,0.0,0.00437,0.01673,6.21449,5.0,0.573,"6,3","0,36",678,36,"1,2",35,"47,4","71,0","61,1",6.39,2.7,6.09,6.49,22.8,33.7,21.9,2024/11/18 00:00:00,,775291.3482383972,5813143.425854207,1.979999542236328,0.946239650249481,0.00071,5.37,0.0,0.0,15.83,31.979999542236328,1.2e-4,"324,7",179,0.746,0.506,0.413,0.4,0.36,0.341,0.203,0.59,0.038,46.6
A840414959590970,2026-07-06 09:00:00,RAIN,BSC_RAIN,5.7,0.1,7,187,1,1111,9.8,32.0,,18.56,,120.0,,,,,12.68,,120.0,,,,,22.24,,600.0,,,,11.49,15.12,7.31,9.47,14.76,17.94,,A840414959590970,46-Eiche,City Potsdam,quercus,robur,fastigiata,14.8,5.2,0.33,1,,,31.98,1980-01-01,,,2024-06-03,2024-11-12,,5.37,0.0,0.0,0.0,0.0,0.0,0.0,0.0,0.0,14.27,58.9,98.17,0.0,0.00437,0.01673,6.21449,5.0,0.573,"6,3","0,36",678,36,"1,2",35,"47,4","71,0","61,1",6.39,2.7,6.09,6.49,22.8,33.7,21.9,2024/11/18 00:00:00,,775291.3482383972,5813143.425854207,1.979999542236328,0.946239650249481,0.00071,5.37,0.0,0.0,15.83,31.979999542236328,1.2e-4,"324,7",179,0.746,0.506,0.413,0.4,0.36,0.341,0.203,0.59,0.038,46.6
A840414959590970,2026-07-17 09:00:00,RAIN,BSC_RAIN,22.9,0.1,7,198,4,0,22.9,8.0,15.42,15.37,-0.05,840.0,0.0,18.98,0.0,10.76,10.83,0.07,1110.0,12.0,251.34,0.0,19.85,19.85,0.0,840.0,0.0,18.98,0.0,11.49,15.12,7.31,9.47,14.76,17.94,,A840414959590970,46-Eiche,City Potsdam,quercus,robur,fastigiata,14.8,5.2,0.33,1,,,31.98,1980-01-01,,,2024-06-03,2024-11-12,,5.37,0.0,0.0,0.0,0.0,0.0,0.0,0.0,0.0,14.27,58.9,98.17,0.0,0.00437,0.01673,6.21449,5.0,0.573,"6,3","0,36",678,36,"1,2",35,"47,4","71,0","61,1",6.39,2.7,6.09,6.49,22.8,33.7,21.9,2024/11/18 00:00:00,,775291.3482383972,5813143.425854207,1.979999542236328,0.946239650249481,0.00071,5.37,0.0,0.0,15.83,31.979999542236328,1.2e-4,"324,7",179,0.746,0.506,0.413,0.4,0.36,0.341,0.203,0.59,0.038,46.6
A840414959590970,2026-07-22 13:00:00,RAIN,BSC_RAIN,5.3,1.3,7,203,4,1000,5.3,12.0,,14.02,,150.0,,,,,10.14,,1110.0,,,,,18.81,,150.0,,,,11.49,15.12,7.31,9.47,14.76,17.94,,A840414959590970,46-Eiche,City Potsdam,quercus,robur,fastigiata,14.8,5.2,0.33,1,,,31.98,1980-01-01,,,2024-06-03,2024-11-12,,5.37,0.0,0.0,0.0,0.0,0.0,0.0,0.0,0.0,14.27,58.9,98.17,0.0,0.00437,0.01673,6.21449,5.0,0.573,"6,3","0,36",678,36,"1,2",35,"47,4","71,0","61,1",6.39,2.7,6.09,6.49,22.8,33.7,21.9,2024/11/18 00:00:00,,775291.3482383972,5813143.425854207,1.979999542236328,0.946239650249481,0.00071,5.37,0.0,0.0,15.83,31.979999542236328,1.2e-4,"324,7",179,0.746,0.506,0.413,0.4,0.36,0.341,0.203,0.59,0.038,46.6
