ev_start,ev_end,total_mm,duration_h,max_intensity_mmh,stac,huff_q,bsc,bsc_s1,bsc_s2,bsc_s3,bsc_s4,area_1,area_2,area_3,area_4,eui,month,doy,vwc_p05-10,vwc_p95-10,dyn_range-10,vwc_p05-30,vwc_p95-30,dyn_range-30,vwc_p05-45,vwc_p95-45,dyn_range-45,pre_vwc-10,peak_vwc-10,delta_vwc-10,delta_pct_dyn-10,t_peak_min-10,dry_h-10,temp_sum-10,pre_vwc-30,peak_vwc-30,delta_vwc-30,delta_pct_dyn-30,t_peak_min-30,dry_h-30,temp_sum-30,pre_vwc-45,peak_vwc-45,delta_vwc-45,delta_pct_dyn-45,t_peak_min-45,dry_h-45,temp_sum-45,rain_pre24h_mm,rain_post24h_mm,rain_pre72h_mm,rain_post72h_mm
2024-02-04 15:00:00,2024-02-04 17:00:00,5.3,2.0,1.9,0.5,3,1111,1,1,1,1,0.09788,0.14269,0.18632,0.22877,0201002512000176,2,35,13.47,27.21,13.74,16.75,32.67,15.92,20.94,38.26,17.33,17.12,17.13,0.01,0.1,0.0,2.0,7.7,23.11,23.16,0.05,0.3,180.0,8.0,180.0,28.6,28.8,0.2,1.2,480.0,2.0,65.8,1.6,9.3,1.6,10.4
2024-02-21 22:00:00,2024-02-23 00:00:00,7.6,26.0,1.67,0.346,2,0111,0,1,1,1,0.01884,0.11489,0.18007,0.23908,0201002512000176,2,52,13.47,27.21,13.74,16.75,32.67,15.92,20.94,38.26,17.33,18.36,21.34,2.98,21.7,1470.0,34.5,174.4,24.25,25.57,1.32,8.3,2010.0,48.5,205.4,30.0,30.58,0.58,3.4,2220.0,45.0,187.0,7.23,0.27,9.47,0.27
2024-03-27 17:00:00,2024-03-28 02:00:00,14.86,9.0,4.6,0.222,1,1111,1,1,1,1,0.04152,0.14812,0.18509,0.23907,0201002512000176,3,87,13.47,27.21,13.74,16.75,32.67,15.92,20.94,38.26,17.33,16.83,20.09,3.26,23.7,840.0,,6.6,23.31,24.69,1.38,8.6,1020.0,,10.0,29.37,30.09,0.72,4.2,1020.0,,10.0,14.96,0.6,14.96,0.74
2024-04-16 05:00:00,2024-04-16 18:00:00,6.65,13.0,1.4,0.077,1,1100,1,1,0,0,0.09153,0.11365,0.15168,0.21747,0201002512000176,4,107,13.47,27.21,13.74,16.75,32.67,15.92,20.94,38.26,17.33,18.16,18.29,0.13,0.9,1440.0,,3.7,25.7,25.67,-0.03,-0.2,0.0,0.0,5.2,31.67,31.76,0.09,0.5,240.0,6.0,43.0,6.65,5.0,11.81,15.4
2024-04-19 07:00:00,2024-04-20 01:00:00,8.4,18.0,1.2,0.278,2,1111,1,1,1,1,0.04299,0.14683,0.20164,0.24479,0201002512000176,4,110,13.47,27.21,13.74,16.75,32.67,15.92,20.94,38.26,17.33,22.83,25.15,2.32,16.9,870.0,26.5,137.5,29.59,30.57,0.98,6.1,990.0,15.5,97.3,35.21,35.25,0.04,0.2,1500.0,1.0,14.9,8.3,3.2,15.2,12.73
2024-04-20 08:00:00,2024-04-21 17:00:00,12.43,33.0,1.2,0.667,3,0000,0,0,0,0,0.02909,0.05781,0.11758,0.19593,0201002512000176,4,111,13.47,27.21,13.74,16.75,32.67,15.92,20.94,38.26,17.33,23.97,26.16,2.19,15.9,2160.0,18.0,51.6,30.21,31.38,1.17,7.3,2280.0,11.0,12.9,35.22,35.91,0.69,4.0,2640.0,35.5,147.2,9.83,0.0,21.03,0.9
2024-05-02 16:00:00,2024-05-02 21:00:00,10.0,5.0,4.1,0.4,2,1111,1,1,1,1,0.03906,0.11994,0.18387,0.24513,0201002512000176,5,123,13.47,27.21,13.74,16.75,32.67,15.92,20.94,38.26,17.33,,28.46,,,210.0,,,29.06,33.06,4.0,25.1,150.0,158.0,1747.8,34.81,35.72,0.91,5.3,810.0,55.5,672.9,6.9,3.2,6.9,7.77
2024-05-06 03:00:00,2024-05-06 20:00:00,10.82,17.0,1.6,1.0,4,1010,1,0,1,0,0.05967,0.08582,0.16685,0.21368,0201002512000176,5,127,13.47,27.21,13.74,16.75,32.67,15.92,20.94,38.26,17.33,22.09,22.21,0.12,0.9,1890.0,8.0,102.2,29.89,29.88,-0.01,-0.1,240.0,0.0,16.3,34.82,34.92,0.1,0.6,1890.0,52.5,531.0,6.8,1.74,15.42,1.74
2024-05-16 10:00:00,2024-05-17 22:00:00,18.92,36.0,1.8,0.222,1,0111,0,1,1,1,0.02635,0.10343,0.16505,0.22629,0201002512000176,5,137,13.47,27.21,13.74,16.75,32.67,15.92,20.94,38.26,17.33,21.36,28.98,7.62,55.5,1230.0,85.5,1027.4,30.03,36.6,6.57,41.3,1230.0,73.5,845.6,34.88,38.61,3.73,21.5,1230.0,56.5,681.2,11.22,7.7,11.22,11.48
2024-05-21 13:00:00,2024-05-22 05:00:00,19.0,16.0,2.3,0.062,1,1111,1,1,1,1,0.0653,0.11727,0.16582,0.22691,0201002512000176,5,142,13.47,27.21,13.74,16.75,32.67,15.92,20.94,38.26,17.33,,20.57,,,0.0,,20.9,,29.71,,,330.0,,,,34.58,,,330.0,,,1.3,19.0,4.18,28.67
2024-05-23 21:00:00,2024-05-24 17:00:00,12.37,20.0,2.0,0.95,4,1110,1,1,1,0,0.05707,0.10103,0.16997,0.21403,0201002512000176,5,144,13.47,27.21,13.74,16.75,32.67,15.92,20.94,38.26,17.33,18.32,22.52,4.2,30.6,540.0,55.5,672.4,28.55,28.74,0.19,1.2,1800.0,6.0,92.6,33.75,33.75,0.0,0.0,0.0,0.0,,5.97,7.8,25.07,8.47
2024-05-27 17:00:00,2024-05-28 05:00:00,6.29,12.0,1.5,0.167,1,1111,1,1,1,1,0.07088,0.16872,0.20853,0.22456,0201002512000176,5,148,13.47,27.21,13.74,16.75,32.67,15.92,20.94,38.26,17.33,,16.98,,,30.0,,,,27.85,,,630.0,,,33.27,33.28,0.01,0.1,0.0,0.5,17.9,4.37,6.09,4.37,23.79
2024-05-29 15:00:00,2024-05-30 15:00:00,17.6,24.0,3.85,0.583,3,1111,1,1,1,1,0.06451,0.12676,0.21093,0.24112,0201002512000176,5,150,13.47,27.21,13.74,16.75,32.67,15.92,20.94,38.26,17.33,25.98,26.94,0.96,7.0,1320.0,9.0,88.3,34.33,34.04,-0.29,-1.8,0.0,0.0,,37.3,37.06,-0.24,-1.4,0.0,0.0,,17.3,1.62,23.69,58.48
2024-05-31 09:00:00,2024-06-02 19:00:00,62.96,58.0,5.4,0.414,2,0011,0,0,1,1,0.01146,0.07049,0.17038,0.22812,0201002512000176,5,152,13.47,27.21,13.74,16.75,32.67,15.92,20.94,38.26,17.33,,30.6,,,2610.0,,,32.56,37.77,5.21,32.7,2610.0,42.5,605.7,36.11,37.68,1.57,9.1,2880.0,78.5,1091.6,42.69,9.57,59.27,9.57
2024-06-15 04:00:00,2024-06-15 09:00:00,7.55,5.0,2.1,0.8,4,0001,0,0,0,1,0.02866,0.09346,0.14975,0.22243,0201002512000176,6,167,13.47,27.21,13.74,16.75,32.67,15.92,20.94,38.26,17.33,13.59,13.63,0.04,0.3,750.0,4.0,15.0,23.75,23.79,0.04,0.3,30.0,1.0,15.8,30.82,30.87,0.05,0.3,30.0,1.0,15.8,7.74,0.0,10.19,6.76
2024-06-17 00:00:00,2024-06-17 17:00:00,6.64,17.0,1.7,0.706,3,1011,1,0,1,1,0.06299,0.08135,0.17038,0.23981,0201002512000176,6,169,13.47,27.21,13.74,16.75,32.67,15.92,20.94,38.26,17.33,13.49,26.02,12.53,91.2,540.0,,19.4,22.17,43.15,20.98,131.8,420.0,,,29.66,38.22,8.56,49.4,600.0,,21.0,3.06,4.0,12.7,21.17
2024-06-19 01:00:00,2024-06-19 14:00:00,17.17,13.0,3.88,0.0,1,1111,1,1,1,1,0.09404,0.17623,0.19632,0.22959,0201002512000176,6,171,13.47,27.21,13.74,16.75,32.67,15.92,20.94,38.26,17.33,18.58,18.51,-0.07,-0.5,0.0,0.0,18.7,29.26,29.39,0.13,0.8,330.0,2.0,20.4,35.52,35.48,-0.04,-0.2,0.0,0.0,18.7,3.88,17.17,10.64,36.5
2024-06-21 09:00:00,2024-06-22 03:00:00,22.6,18.0,5.13,0.889,4,1100,1,1,0,0,0.03174,0.09842,0.13048,0.19615,0201002512000176,6,173,13.47,27.21,13.74,16.75,32.67,15.92,20.94,38.26,17.33,28.22,27.73,-0.49,-3.6,1260.0,0.0,15.9,36.77,34.85,-1.91,-12.0,150.0,0.0,,38.81,38.22,-0.59,-3.4,150.0,0.0,,22.6,3.2,28.2,3.2
2024-06-27 09:00:00,2024-06-27 16:00:00,8.4,7.0,2.4,0.571,3,1010,1,0,1,0,0.05373,0.08317,0.15636,0.20249,0201002512000176,6,179,13.47,27.21,13.74,16.75,32.67,15.92,20.94,38.26,17.33,19.84,35.65,15.81,115.1,60.0,46.5,805.1,31.89,39.6,7.71,48.4,120.0,48.5,864.8,36.94,39.84,2.9,16.7,120.0,57.5,1134.1,3.2,11.15,3.2,18.3
2024-06-30 01:00:00,2024-06-30 23:00:00,16.6,22.0,4.2,0.636,3,0001,0,0,0,1,0.02134,0.06826,0.14438,0.23278,0201002512000176,6,182,13.47,27.21,13.74,16.75,32.67,15.92,20.94,38.26,17.33,18.58,18.5,-0.08,-0.6,0.0,0.0,24.7,,30.87,,,0.0,,24.7,,36.97,,,0.0,,24.7,0.61,16.65,14.86,24.42
2024-07-01 09:00:00,2024-07-01 15:00:00,5.9,6.0,1.9,0.667,3,1011,1,0,1,1,0.05049,0.09357,0.17903,0.23623,0201002512000176,7,183,13.47,27.21,13.74,16.75,32.67,15.92,20.94,38.26,17.33,16.88,31.82,14.94,108.7,1440.0,121.0,1781.1,29.66,39.21,9.55,60.0,1500.0,100.0,1463.1,35.5,39.78,4.28,24.7,1500.0,111.0,1617.1,5.92,2.18,22.84,10.26
2024-07-06 13:00:00,2024-07-07 01:00:00,7.9,12.0,1.6,0.25,2,1110,1,1,1,0,0.05907,0.1403,0.17669,0.21002,0201002512000176,7,188,13.47,27.21,13.74,16.75,32.67,15.92,20.94,38.26,17.33,19.73,19.61,-0.12,-0.9,0.0,0.0,25.7,30.71,30.65,-0.06,-0.4,0.0,0.0,25.7,36.51,36.44,-0.07,-0.4,0.0,0.0,25.7,0.3,8.0,8.38,8.0
2024-07-10 11:00:00,2024-07-11 12:00:00,12.9,25.0,3.5,0.36,2,1111,1,1,1,1,0.03174,0.13533,0.22443,0.24292,0201002512000176,7,192,13.47,27.21,13.74,16.75,32.67,15.92,20.94,38.26,17.33,15.98,16.32,0.34,2.5,1620.0,10.0,173.7,26.87,27.01,0.14,0.9,90.0,2.5,77.1,33.07,32.92,-0.15,-0.9,240.0,0.0,25.2,11.9,11.8,13.0,24.12
2024-07-12 09:00:00,2024-07-13 05:00:00,24.12,20.0,4.9,0.0,1,1111,1,1,1,1,0.07473,0.13298,0.18567,0.2463,0201002512000176,7,194,13.47,27.21,13.74,16.75,32.67,15.92,20.94,38.26,17.33,15.81,15.92,0.11,0.8,1290.0,3.0,54.0,25.77,25.4,-0.37,-2.3,60.0,0.0,23.0,31.64,31.65,0.01,0.1,300.0,2.0,22.7,24.12,0.0,37.12,6.0
2024-07-16 00:00:00,2024-07-16 02:00:00,5.9,2.0,2.86,0.0,1,1111,1,1,1,1,0.15085,0.21017,0.24237,0.24746,0201002512000176,7,198,13.47,27.21,13.74,16.75,32.67,15.92,20.94,38.26,17.33,15.11,34.01,18.9,137.6,420.0,74.5,1292.8,22.97,39.29,16.32,102.5,480.0,120.0,2191.0,29.48,38.8,9.32,53.8,720.0,138.0,2562.7,6.0,0.2,6.0,0.2
2024-07-27 19:00:00,2024-07-28 05:00:00,10.36,10.0,2.72,0.5,3,1110,1,1,1,0,0.03222,0.10046,0.19239,0.21432,0201002512000176,7,209,13.47,27.21,13.74,16.75,32.67,15.92,20.94,38.26,17.33,15.73,15.69,-0.04,-0.3,0.0,0.0,,23.95,23.83,-0.12,-0.8,30.0,0.0,,30.81,30.71,-0.1,-0.6,0.0,0.0,,1.88,10.36,1.88,10.36
2024-08-01 10:00:00,2024-08-02 03:00:00,26.35,17.0,5.5,0.588,3,0011,0,0,1,1,0.02534,0.05619,0.16146,0.22303,0201002512000176,8,214,13.47,27.21,13.74,16.75,32.67,15.92,20.94,38.26,17.33,13.87,30.5,16.63,121.0,1050.0,,,20.52,24.96,4.44,27.9,1410.0,81.5,1380.4,26.89,26.96,0.07,0.4,270.0,4.0,101.2,26.35,0.4,31.33,7.73
2024-08-03 11:00:00,2024-08-04 14:00:00,7.23,27.0,1.4,0.074,1,1100,1,1,0,0,0.07687,0.10468,0.13233,0.19053,0201002512000176,8,216,13.47,27.21,13.74,16.75,32.67,15.92,20.94,38.26,17.33,23.93,23.11,-0.82,-6.0,0.0,0.0,24.5,24.05,23.28,-0.77,-4.8,120.0,0.0,25.1,,26.53,,,180.0,,25.1,0.6,5.33,31.93,7.36
2024-08-14 13:00:00,2024-08-14 19:00:00,6.6,6.0,4.2,0.667,3,1011,1,0,1,1,0.06692,0.06818,0.17424,0.23485,0201002512000176,8,227,13.47,27.21,13.74,16.75,32.67,15.92,20.94,38.26,17.33,16.1,16.25,0.15,1.1,180.0,6.0,132.6,22.27,22.19,-0.08,-0.5,420.0,0.0,24.3,,29.1,,,360.0,,24.3,1.9,4.8,1.9,8.55
2024-08-18 08:00:00,2024-08-19 02:00:00,13.18,18.0,3.1,0.111,1,1111,1,1,1,1,0.11165,0.18657,0.21813,0.23917,0201002512000176,8,231,13.47,27.21,13.74,16.75,32.67,15.92,20.94,38.26,17.33,14.43,36.92,22.49,163.7,1380.0,,16.4,19.99,37.25,17.26,108.4,1560.0,,19.7,26.16,39.17,13.01,75.1,1560.0,,19.7,13.3,0.0,17.05,0.0
2024-09-08 15:00:00,2024-09-10 07:00:00,30.36,40.0,5.8,0.175,1,1111,1,1,1,1,0.06879,0.19249,0.2227,0.24104,0201002512000176,9,252,13.47,27.21,13.74,16.75,32.67,15.92,20.94,38.26,17.33,15.84,15.82,-0.02,-0.1,0.0,0.0,26.9,19.7,19.64,-0.06,-0.4,0.0,0.0,26.9,25.78,25.8,0.02,0.1,0.0,5.5,140.0,0.2,26.71,1.55,34.74
2024-09-11 09:00:00,2024-09-12 01:00:00,5.62,16.0,1.2,0.375,2,0100,0,1,0,0,0.01613,0.10009,0.15013,0.21797,0201002512000176,9,255,13.47,27.21,13.74,16.75,32.67,15.92,20.94,38.26,17.33,15.26,15.27,0.01,0.1,0.0,1.0,16.0,18.95,19.05,0.1,0.6,300.0,1.0,30.7,24.76,24.86,0.1,0.6,60.0,2.0,47.9,1.98,5.65,32.34,10.74
2024-09-15 20:00:00,2024-09-16 13:00:00,24.06,17.0,3.68,0.235,1,1101,1,1,0,1,0.03201,0.09934,0.13113,0.21972,0201002512000176,9,259,13.47,27.21,13.74,16.75,32.67,15.92,20.94,38.26,17.33,14.71,19.94,5.23,38.1,1440.0,,12.0,18.04,18.13,0.09,0.6,780.0,2.0,35.4,23.57,23.55,-0.02,-0.1,300.0,0.0,,24.06,0.24,28.25,0.24
2024-09-23 20:00:00,2024-09-24 05:00:00,12.04,9.0,1.72,0.778,4,1111,1,1,1,1,0.05389,0.12272,0.18567,0.23684,0201002512000176,9,267,13.47,27.21,13.74,16.75,32.67,15.92,20.94,38.26,17.33,26.95,32.58,5.63,41.0,450.0,17.0,197.6,32.56,35.96,3.4,21.4,570.0,22.0,256.3,37.66,38.25,0.59,3.4,870.0,27.5,341.0,11.33,2.56,11.33,27.45
2024-09-25 23:00:00,2024-09-27 02:00:00,24.89,27.0,3.05,0.185,1,1111,1,1,1,1,0.05421,0.14247,0.20096,0.24453,0201002512000176,9,269,13.47,27.21,13.74,16.75,32.67,15.92,20.94,38.26,17.33,25.13,32.28,7.15,52.0,600.0,62.5,727.4,31.8,36.32,4.52,28.4,600.0,68.5,740.5,37.36,38.23,0.87,5.0,1020.0,75.5,784.3,13.72,11.17,27.61,12.89
2024-10-01 23:00:00,2024-10-02 16:00:00,18.32,17.0,5.1,0.588,3,1011,1,0,1,1,0.03713,0.06565,0.16361,0.23393,0201002512000176,10,275,13.47,27.21,13.74,16.75,32.67,15.92,20.94,38.26,17.33,23.74,30.7,6.96,50.7,750.0,62.5,522.5,30.93,34.69,3.76,23.6,870.0,96.5,797.8,36.91,38.06,1.15,6.6,1290.0,,,16.12,2.57,22.5,6.67
2024-10-08 11:00:00,2024-10-08 20:00:00,11.8,9.0,3.9,0.667,3,0001,0,0,0,1,0.00589,0.01989,0.13436,0.22122,0201002512000176,10,282,13.47,27.21,13.74,16.75,32.67,15.92,20.94,38.26,17.33,,27.0,,,990.0,,,31.5,32.55,1.05,6.6,1230.0,,,,37.94,,,1740.0,,17.0,11.82,2.62,17.43,9.27
2024-10-10 18:00:00,2024-10-11 06:00:00,6.35,12.0,1.2,0.0,1,1111,1,1,1,1,0.0899,0.12966,0.18983,0.22703,0201002512000176,10,284,13.47,27.21,13.74,16.75,32.67,15.92,20.94,38.26,17.33,25.63,27.27,1.64,11.9,1080.0,34.5,222.8,32.12,32.67,0.55,3.5,1380.0,17.5,80.5,,38.04,,,1380.0,,9.1,6.55,0.0,20.89,5.86
2024-10-12 21:00:00,2024-10-13 07:00:00,5.76,10.0,3.28,0.7,3,1001,1,0,0,1,0.03993,0.0434,0.13177,0.23767,0201002512000176,10,286,13.47,27.21,13.74,16.75,32.67,15.92,20.94,38.26,17.33,25.89,25.91,0.02,0.1,990.0,1.0,11.0,32.11,32.34,0.23,1.4,0.0,2.5,11.7,,37.86,,,450.0,,,5.86,0.0,12.41,4.3
2024-11-17 22:00:00,2024-11-19 07:00:00,10.23,33.0,1.4,0.364,2,0111,0,1,1,1,0.01648,0.10454,0.18721,0.23707,0201002512000176,11,322,13.47,27.21,13.74,16.75,32.67,15.92,20.94,38.26,17.33,,27.14,,,2010.0,,,29.73,32.3,2.56,16.1,2190.0,63.5,148.4,,35.71,,,2550.0,,,8.78,9.65,12.03,12.26
2024-11-19 17:00:00,2024-11-20 03:00:00,9.15,10.0,2.4,0.6,3,0011,0,0,1,1,0.01653,0.08128,0.2046,0.24048,0201002512000176,11,324,13.47,27.21,13.74,16.75,32.67,15.92,20.94,38.26,17.33,,29.86,,,570.0,,,32.03,34.58,2.55,16.0,690.0,13.0,19.1,,35.94,,,570.0,,,10.12,2.09,21.49,3.3
2024-12-02 20:00:00,2024-12-03 01:00:00,7.23,5.0,2.4,0.4,2,1111,1,1,1,1,0.08714,0.17358,0.21212,0.23491,0201002512000176,12,337,13.47,27.21,13.74,16.75,32.67,15.92,20.94,38.26,17.33,21.09,21.82,0.73,5.3,1050.0,,,28.01,28.22,0.21,1.3,480.0,3.5,14.4,33.73,33.74,0.01,0.1,750.0,2.0,8.7,7.49,0.7,9.54,11.12
2024-12-05 20:00:00,2024-12-06 20:00:00,15.72,24.0,1.73,0.333,2,0101,0,1,0,1,0.02482,0.10148,0.15007,0.22204,0201002512000176,12,340,13.47,27.21,13.74,16.75,32.67,15.92,20.94,38.26,17.33,21.88,27.03,5.15,37.5,840.0,107.0,368.6,28.2,31.48,3.28,20.6,960.0,138.0,419.6,33.76,34.53,0.77,4.4,1740.0,121.0,350.4,9.32,7.0,10.52,14.4
2024-12-07 12:00:00,2024-12-07 16:00:00,7.2,4.0,2.3,0.25,2,1111,1,1,1,1,0.10243,0.16667,0.21528,0.24479,0201002512000176,12,342,13.47,27.21,13.74,16.75,32.67,15.92,20.94,38.26,17.33,24.54,27.9,3.36,24.5,240.0,14.5,46.8,30.53,32.52,1.99,12.5,480.0,12.5,28.7,34.51,34.82,0.31,1.8,630.0,16.0,40.1,11.1,0.3,23.62,0.56
2024-12-19 08:00:00,2024-12-19 20:00:00,6.1,12.0,1.8,0.917,4,1000,1,0,0,0,0.04508,0.0765,0.09085,0.18101,0201002512000176,12,354,13.47,27.21,13.74,16.75,32.67,15.92,20.94,38.26,17.33,21.39,21.82,0.43,3.1,2100.0,,,28.32,28.63,0.31,2.0,780.0,1.0,10.3,33.58,33.71,0.13,0.8,1080.0,28.0,61.9,2.7,0.5,6.12,12.91
2024-12-21 21:00:00,2024-12-22 18:00:00,9.21,21.0,1.4,0.762,4,0001,0,0,0,1,0.01231,0.03762,0.12013,0.23026,0201002512000176,12,356,13.47,27.21,13.74,16.75,32.67,15.92,20.94,38.26,17.33,21.77,23.57,1.8,13.1,1710.0,76.5,82.6,28.17,28.72,0.55,3.5,2250.0,61.5,104.7,,33.61,,,1290.0,,,8.81,4.6,9.91,4.6
2025-01-02 08:00:00,2025-01-02 18:00:00,13.3,10.0,1.9,0.4,2,1111,1,1,1,1,0.04774,0.12218,0.19671,0.24013,0201002512000176,1,2,13.47,27.21,13.74,16.75,32.67,15.92,20.94,38.26,17.33,20.08,26.0,5.92,43.1,630.0,,,26.79,30.51,3.73,23.4,750.0,,,32.59,33.2,0.61,3.5,1140.0,,,13.33,0.23,13.33,10.11
2025-01-05 00:00:00,2025-01-05 16:00:00,9.28,16.0,1.8,0.438,2,0011,0,0,1,1,0.01499,0.06381,0.18299,0.23653,0201002512000176,1,5,13.47,27.21,13.74,16.75,32.67,15.92,20.94,38.26,17.33,22.2,27.36,5.16,37.6,930.0,73.5,313.7,28.2,31.53,3.33,20.9,1050.0,134.0,414.6,,33.41,,,1350.0,,,9.08,0.5,11.61,4.46
2025-01-08 16:00:00,2025-01-09 02:00:00,5.52,10.0,1.1,0.4,2,1111,1,1,1,1,0.04914,0.13111,0.1923,0.22111,0201002512000176,1,8,13.47,27.21,13.74,16.75,32.67,15.92,20.94,38.26,17.33,22.88,24.45,1.57,11.5,780.0,42.5,96.3,28.7,29.57,0.87,5.5,1080.0,45.5,64.9,33.34,33.44,0.09,0.5,1080.0,50.5,67.4,6.63,4.66,9.56,4.66
2025-01-27 03:00:00,2025-01-27 08:00:00,5.35,5.0,1.4,0.8,4,1111,1,1,1,1,0.05224,0.11322,0.16766,0.23154,0201002512000176,1,27,13.47,27.21,13.74,16.75,32.67,15.92,20.94,38.26,17.33,20.08,20.62,0.54,3.9,720.0,,9.9,27.2,27.35,0.15,0.9,360.0,,,32.53,32.7,0.17,1.0,720.0,,9.9,5.55,7.04,7.94,8.4
2025-01-28 04:00:00,2025-01-28 12:00:00,5.21,8.0,1.1,0.375,2,0001,0,0,0,1,0.01536,0.07006,0.15283,0.22721,0201002512000176,1,28,13.47,27.21,13.74,16.75,32.67,15.92,20.94,38.26,17.33,21.38,23.55,2.17,15.8,1230.0,98.5,257.9,27.59,28.25,0.66,4.1,1050.0,122.0,271.7,32.93,33.23,0.3,1.7,930.0,,,5.44,1.13,13.81,1.91
2025-02-11 00:00:00,2025-02-11 16:00:00,9.28,16.0,1.2,0.875,4,0100,0,1,0,0,0.02482,0.09442,0.13988,0.21633,0201002512000176,2,42,13.47,27.21,13.74,16.75,32.67,15.92,20.94,38.26,17.33,19.92,20.07,0.15,1.1,1350.0,,,26.95,27.36,0.41,2.6,1350.0,,,,33.25,,,480.0,,,9.28,9.55,9.28,16.29
2025-02-12 00:00:00,2025-02-13 12:00:00,15.89,36.0,1.22,0.667,3,0011,0,0,1,1,0.02629,0.0854,0.1613,0.22063,0201002512000176,2,43,13.47,27.21,13.74,16.75,32.67,15.92,20.94,38.26,17.33,20.07,27.92,7.85,57.1,1470.0,130.0,11.2,27.36,31.51,4.15,26.1,1590.0,105.0,2.8,33.23,34.28,1.05,6.1,2430.0,114.0,-26.1,10.94,4.72,20.85,4.72
2025-02-25 15:00:00,2025-02-25 20:00:00,6.4,5.0,2.9,1.0,4,1000,1,0,0,0,0.0377,0.08105,0.10039,0.18086,0201002512000176,2,56,13.47,27.21,13.74,16.75,32.67,15.92,20.94,38.26,17.33,20.44,22.21,1.77,12.9,1710.0,,,27.35,28.04,0.69,4.3,1650.0,,,33.5,33.97,0.47,2.7,1650.0,,,3.3,2.84,9.52,5.35
2025-04-23 22:00:00,2025-04-24 08:00:00,5.6,10.0,2.47,0.3,2,0110,0,1,1,0,0.02891,0.15163,0.18371,0.20826,0201002512000176,4,113,13.47,27.21,13.74,16.75,32.67,15.92,20.94,38.26,17.33,22.39,22.31,-0.08,-0.6,30.0,0.0,,30.94,30.88,-0.06,-0.4,30.0,0.0,,36.48,36.47,-0.01,-0.1,30.0,0.0,,0.4,5.2,0.8,7.58
2025-05-03 20:00:00,2025-05-04 04:00:00,10.31,8.0,3.2,0.125,1,1111,1,1,1,1,0.10002,0.14985,0.17204,0.22545,0201002512000176,5,123,13.47,27.21,13.74,16.75,32.67,15.92,20.94,38.26,17.33,,22.53,,,810.0,,,,30.4,,,810.0,,,,36.59,,,810.0,,,13.61,0.0,13.61,0.0
2025-05-25 00:00:00,2025-05-25 12:00:00,6.95,12.0,1.49,0.167,1,1001,1,0,0,1,0.05186,0.08213,0.1229,0.21942,0201002512000176,5,145,13.47,27.21,13.74,16.75,32.67,15.92,20.94,38.26,17.33,,,,,,,,,,,,,,,,,,,,,,,,,
2025-05-28 04:00:00,2025-05-28 19:00:00,27.86,15.0,12.5,1.0,4,0000,0,0,0,0,0.02192,0.05952,0.074,0.11683,0201002512000176,5,148,13.47,27.21,13.74,16.75,32.67,15.92,20.94,38.26,17.33,,,,,,,,,,,,,,,,,,,,,,,,,
2025-06-02 01:00:00,2025-06-02 03:00:00,10.1,2.0,8.09,0.5,3,1111,1,1,1,1,0.08942,0.18954,0.2422,0.2474,0201002512000176,6,153,13.47,27.21,13.74,16.75,32.67,15.92,20.94,38.26,17.33,,,,,,,,,,,,,,,,,,,,,,,,,
2025-06-04 17:00:00,2025-06-05 00:00:00,17.31,7.0,15.0,0.143,1,1111,1,1,1,1,0.18363,0.24552,0.24552,0.2468,0201002512000176,6,155,13.47,27.21,13.74,16.75,32.67,15.92,20.94,38.26,17.33,,,,,,,,,,,,,,,,,,,,,,,,,
2025-06-15 12:00:00,2025-06-15 23:00:00,19.81,11.0,3.23,0.455,2,0111,0,1,1,1,0.02637,0.10888,0.20321,0.2321,0201002512000176,6,166,13.47,27.21,13.74,16.75,32.67,15.92,20.94,38.26,17.33,,,,,,,,,,,,,,,,,,,,,,,,,
2025-07-16 10:00:00,2025-07-16 21:00:00,13.7,11.0,5.0,0.909,4,0000,0,0,0,0,0.02109,0.02387,0.04521,0.15403,0201002512000176,7,197,13.47,27.21,13.74,16.75,32.67,15.92,20.94,38.26,17.33,15.34,22.2,6.86,49.9,1140.0,,13.8,17.2,17.99,0.79,5.0,1920.0,,21.1,20.3,20.58,0.28,1.6,1890.0,7.5,148.7,13.7,0.0,14.8,4.52
2025-07-20 23:00:00,2025-07-22 16:00:00,26.79,41.0,6.95,0.0,1,1111,1,1,1,1,0.11903,0.1773,0.20075,0.22635,0201002512000176,7,201,13.47,27.21,13.74,16.75,32.67,15.92,20.94,38.26,17.33,20.9,28.98,8.08,58.8,3300.0,,16.5,18.91,18.87,-0.04,-0.2,30.0,0.0,,21.45,21.35,-0.09,-0.5,0.0,0.0,18.7,5.13,1.02,26.89,4.32
2025-07-26 12:00:00,2025-07-27 02:00:00,13.15,14.0,2.9,0.286,2,0011,0,0,1,1,0.0112,0.08222,0.1788,0.23171,0201002512000176,7,207,13.47,27.21,13.74,16.75,32.67,15.92,20.94,38.26,17.33,23.96,34.78,10.82,78.7,1260.0,78.0,1340.4,18.26,21.73,3.47,21.8,1260.0,,20.7,20.98,21.13,0.15,0.9,150.0,7.0,140.2,13.55,9.7,16.75,17.91
2025-07-27 09:00:00,2025-07-27 21:00:00,9.7,12.0,3.0,0.583,3,0001,0,0,0,1,0.00945,0.02148,0.14003,0.22723,0201002512000176,7,208,13.47,27.21,13.74,16.75,32.67,15.92,20.94,38.26,17.33,25.16,36.71,11.55,84.1,60.0,60.0,1050.0,18.44,34.03,15.59,98.0,330.0,,,20.91,21.69,0.79,4.5,1590.0,,,13.75,9.5,16.95,18.61
2025-07-30 00:00:00,2025-07-30 14:00:00,12.36,14.0,2.91,0.071,1,1100,1,1,0,0,0.089,0.10292,0.13659,0.21229,0201002512000176,7,211,13.47,27.21,13.74,16.75,32.67,15.92,20.94,38.26,17.33,26.23,26.03,-0.2,-1.4,0.0,0.0,14.8,29.85,29.82,-0.03,-0.2,60.0,0.0,14.1,22.1,22.17,0.07,0.4,1080.0,1.0,34.4,2.21,14.08,15.12,50.08
2025-07-30 22:00:00,2025-07-31 02:00:00,8.02,4.0,6.0,1.0,4,0000,0,0,0,0,0.00623,0.02525,0.05362,0.15648,0201002512000176,7,211,13.47,27.21,13.74,16.75,32.67,15.92,20.94,38.26,17.33,24.71,28.11,3.39,24.7,600.0,113.0,1959.1,28.66,28.81,0.15,0.9,180.0,0.5,14.1,22.09,22.25,0.16,0.9,1170.0,4.5,88.0,15.22,10.5,22.03,30.14
2025-07-31 19:00:00,2025-08-01 22:00:00,29.4,27.0,5.4,0.593,3,0011,0,0,1,1,0.00925,0.06394,0.18064,0.24017,0201002512000176,7,212,13.47,27.21,13.74,16.75,32.67,15.92,20.94,38.26,17.33,27.61,31.64,4.04,29.4,1200.0,40.5,668.1,27.96,29.94,1.98,12.4,2070.0,86.0,1512.9,22.18,22.55,0.37,2.1,1470.0,6.0,85.1,26.6,3.06,47.83,12.14
2025-08-04 03:00:00,2025-08-04 10:00:00,8.3,7.0,2.13,0.286,2,0111,0,1,1,1,0.03015,0.10212,0.17992,0.23704,0201002512000176,8,216,13.47,27.21,13.74,16.75,32.67,15.92,20.94,38.26,17.33,26.21,26.07,-0.14,-1.0,0.0,0.0,13.5,29.58,29.61,0.03,0.2,90.0,0.5,13.6,22.32,22.39,0.07,0.4,1020.0,0.5,17.8,0.96,9.52,26.63,10.42
2025-08-29 04:00:00,2025-08-29 07:00:00,10.39,3.0,4.26,0.667,3,1111,1,1,1,1,0.06512,0.13034,0.2034,0.23845,0201002512000176,8,241,13.47,27.21,13.74,16.75,32.67,15.92,20.94,38.26,17.33,14.73,18.08,3.35,24.4,330.0,,,18.22,18.52,0.3,1.9,1050.0,6.0,81.1,21.19,21.32,0.13,0.8,780.0,5.0,101.9,11.01,0.0,13.01,0.5
2025-09-04 15:00:00,2025-09-05 00:00:00,23.62,9.0,13.6,0.778,4,0001,0,0,0,1,0.00423,0.00423,0.05574,0.23271,0201002512000176,9,247,13.47,27.21,13.74,16.75,32.67,15.92,20.94,38.26,17.33,20.38,33.69,13.31,96.9,420.0,101.5,1652.7,18.19,30.27,12.08,75.9,780.0,,15.4,21.07,21.32,0.25,1.4,300.0,2.5,52.9,22.71,20.29,30.81,20.29
2025-09-13 22:00:00,2025-09-14 13:00:00,7.7,15.0,3.2,0.333,2,0111,0,1,1,1,0.01136,0.11548,0.21623,0.23745,0201002512000176,9,256,13.47,27.21,13.74,16.75,32.67,15.92,20.94,38.26,17.33,22.81,31.68,8.87,64.6,840.0,82.0,1292.4,21.56,26.22,4.66,29.3,1680.0,,14.9,20.96,21.17,0.21,1.2,1380.0,1.5,26.1,7.6,0.9,12.3,0.9
2025-09-21 21:00:00,2025-09-22 13:00:00,22.1,16.0,3.2,0.0,1,1111,1,1,1,1,0.06448,0.09714,0.15639,0.23416,0201002512000176,9,264,13.47,27.21,13.74,16.75,32.67,15.92,20.94,38.26,17.33,21.36,36.91,15.55,113.2,840.0,,10.8,23.05,39.74,16.69,104.8,870.0,,,21.22,39.22,18.0,103.9,870.0,,,21.1,2.2,21.1,31.0
2025-09-24 10:00:00,2025-09-24 23:00:00,24.5,13.0,4.9,0.769,4,0000,0,0,0,0,0.0113,0.02543,0.08062,0.19065,0201002512000176,9,267,13.47,27.21,13.74,16.75,32.67,15.92,20.94,38.26,17.33,24.49,37.33,12.84,93.4,570.0,34.0,350.0,31.0,39.68,8.68,54.6,660.0,39.0,421.0,37.59,39.7,2.11,12.1,690.0,,,9.4,19.7,31.5,20.3
2025-09-29 23:00:00,2025-09-30 09:00:00,17.5,10.0,8.3,0.5,3,0011,0,0,1,1,0.02036,0.0705,0.234,0.24829,0201002512000176,9,272,13.47,27.21,13.74,16.75,32.67,15.92,20.94,38.26,17.33,24.13,25.96,1.83,13.3,1050.0,59.5,465.3,30.86,31.16,0.3,1.9,1170.0,26.0,234.2,37.9,38.02,0.12,0.7,1230.0,29.5,247.5,17.5,0.1,17.5,0.1
2025-10-04 05:00:00,2025-10-04 15:00:00,6.0,10.0,1.8,0.8,4,1100,1,1,0,0,0.06146,0.10688,0.11375,0.21792,0201002512000176,10,277,13.47,27.21,13.74,16.75,32.67,15.92,20.94,38.26,17.33,23.48,23.62,0.14,1.0,750.0,,,29.92,30.11,0.19,1.2,780.0,4.5,50.5,37.34,37.4,0.06,0.4,720.0,0.5,11.6,6.0,1.3,6.0,10.5
2025-10-06 11:00:00,2025-10-07 04:00:00,7.7,17.0,1.5,0.235,1,1111,1,1,1,1,0.05796,0.18659,0.22648,0.24439,0201002512000176,10,279,13.47,27.21,13.74,16.75,32.67,15.92,20.94,38.26,17.33,25.56,25.65,0.09,0.6,690.0,4.0,42.0,30.19,30.91,0.72,4.5,1860.0,,12.2,37.45,37.91,0.45,2.6,1470.0,,,7.6,0.7,15.8,0.8
2025-10-21 16:00:00,2025-10-22 09:00:00,5.1,17.0,1.0,0.647,3,0000,0,0,0,0,0.01153,0.03287,0.11422,0.21623,0201002512000176,10,294,13.47,27.21,13.74,16.75,32.67,15.92,20.94,38.26,17.33,23.59,24.68,1.09,7.9,1620.0,,13.4,29.89,30.45,0.56,3.5,1620.0,,13.4,37.42,37.72,0.3,1.7,1110.0,,,5.0,11.1,9.1,17.8
2025-10-22 19:00:00,2025-10-24 09:00:00,14.4,38.0,4.0,0.368,2,0111,0,1,1,1,0.00457,0.12674,0.19682,0.2193,0201002512000176,10,295,13.47,27.21,13.74,16.75,32.67,15.92,20.94,38.26,17.33,24.62,35.33,10.71,77.9,1260.0,31.5,270.5,30.39,37.0,6.61,41.5,1350.0,56.0,464.0,37.69,38.52,0.84,4.8,1980.0,99.0,758.6,10.8,3.6,18.9,9.1
2025-10-27 00:00:00,2025-10-28 00:00:00,10.6,24.0,1.2,0.208,1,1111,1,1,1,1,0.05641,0.14112,0.21698,0.24568,0201002512000176,10,300,13.47,27.21,13.74,16.75,32.67,15.92,20.94,38.26,17.33,25.07,25.76,0.69,5.0,900.0,26.0,228.4,30.65,30.86,0.21,1.3,1500.0,0.5,7.5,37.98,37.99,0.01,0.1,0.0,0.5,6.4,9.5,3.0,15.0,6.1
2025-11-01 16:00:00,2025-11-02 20:00:00,13.9,28.0,2.4,0.357,2,1110,1,1,1,0,0.03237,0.11113,0.16778,0.21788,0201002512000176,11,305,13.47,27.21,13.74,16.75,32.67,15.92,20.94,38.26,17.33,24.55,28.74,4.18,30.5,2160.0,32.5,257.6,29.89,32.15,2.25,14.2,2490.0,41.0,319.1,37.44,38.11,0.67,3.9,2430.0,45.5,333.6,6.0,0.0,13.9,0.0
2025-11-23 22:00:00,2025-11-24 03:00:00,7.4,5.0,1.7,0.0,1,1111,1,1,1,1,0.09316,0.15752,0.20507,0.24291,0201002512000176,11,327,13.47,27.21,13.74,16.75,32.67,15.92,20.94,38.26,17.33,20.06,20.05,-0.01,-0.1,90.0,0.0,,26.5,26.58,0.08,0.5,0.0,1.0,-3.7,34.52,34.54,0.02,0.1,60.0,0.5,-1.6,3.4,5.9,3.4,11.2
2025-12-07 20:00:00,2025-12-08 02:00:00,7.3,6.0,2.1,0.667,3,0011,0,0,1,1,0.01598,0.07763,0.17865,0.24372,0201002512000176,12,341,13.47,27.21,13.74,16.75,32.67,15.92,20.94,38.26,17.33,22.52,30.0,7.48,54.4,300.0,,8.7,27.45,31.7,4.25,26.7,540.0,,11.9,35.39,36.42,1.03,6.0,1500.0,,10.9,7.9,1.5,10.6,2.7
2026-01-08 19:00:00,2026-01-09 05:00:00,9.1,10.0,2.2,0.8,4,0000,0,0,0,0,0.00769,0.04231,0.10522,0.21511,0201002512000176,1,8,13.47,27.21,13.74,16.75,32.67,15.92,20.94,38.26,17.33,,,,,,,,,,,,,,,,,,,,,,,,,
2026-01-09 15:00:00,2026-01-10 15:00:00,7.3,24.0,0.7,0.5,3,0000,0,0,0,0,0.02683,0.05679,0.12671,0.21062,0201002512000176,1,9,13.47,27.21,13.74,16.75,32.67,15.92,20.94,38.26,17.33,,,,,,,,,,,,,,,,,,,,,,,,,
2026-01-12 09:00:00,2026-01-13 03:00:00,7.3,18.0,1.5,0.5,3,1011,1,0,1,1,0.03853,0.09009,0.20282,0.22869,0201002512000176,1,12,13.47,27.21,13.74,16.75,32.67,15.92,20.94,38.26,17.33,,,,,,,,,,,,,,,,,,,,,,,,,
2026-01-25 21:00:00,2026-01-26 22:00:00,25.8,25.0,1.9,0.24,1,1111,1,1,1,1,0.03858,0.11819,0.17862,0.23422,0201002512000176,1,25,13.47,27.21,13.74,16.75,32.67,15.92,20.94,38.26,17.33,,,,,,,,,,,,,,,,,,,,,,,,,
2026-01-29 02:00:00,2026-01-29 14:00:00,6.9,12.0,1.3,0.333,2,1111,1,1,1,1,0.05556,0.16486,0.21679,0.24034,0201002512000176,1,29,13.47,27.21,13.74,16.75,32.67,15.92,20.94,38.26,17.33,,,,,,,,,,,,,,,,,,,,,,,,,
2026-02-11 00:00:00,2026-02-13 07:00:00,25.2,55.0,2.5,0.927,4,1111,1,1,1,1,0.04375,0.11842,0.17399,0.22002,0201002512000176,2,42,13.47,27.21,13.74,16.75,32.67,15.92,20.94,38.26,17.33,,,,,,,,,,,,,,,,,,,,,,,,,
2026-02-16 00:00:00,2026-02-17 18:00:00,14.1,42.0,1.8,0.69,3,1111,1,1,1,1,0.06999,0.11103,0.16743,0.23497,0201002512000176,2,47,13.47,27.21,13.74,16.75,32.67,15.92,20.94,38.26,17.33,,,,,,,,,,,,,,,,,,,,,,,,,
2026-02-19 04:00:00,2026-02-19 23:00:00,5.1,19.0,1.5,0.211,1,1111,1,1,1,1,0.06763,0.2074,0.22781,0.24123,0201002512000176,2,50,13.47,27.21,13.74,16.75,32.67,15.92,20.94,38.26,17.33,,,,,,,,,,,,,,,,,,,,,,,,,
2026-02-21 21:00:00,2026-02-23 10:00:00,7.5,37.0,0.8,0.216,1,0001,0,0,0,1,0.021,0.0781,0.15441,0.23279,0201002512000176,2,52,13.47,27.21,13.74,16.75,32.67,15.92,20.94,38.26,17.33,,,,,,,,,,,,,,,,,,,,,,,,,
2026-03-25 10:00:00,2026-03-25 23:00:00,6.4,13.0,2.7,0.385,2,1111,1,1,1,1,0.03343,0.16023,0.2328,0.24662,0201002512000176,3,84,13.47,27.21,13.74,16.75,32.67,15.92,20.94,38.26,17.33,22.23,22.4,0.17,1.2,420.0,9.5,34.5,27.41,27.6,0.19,1.2,1020.0,2.0,6.6,35.03,35.16,0.13,0.8,510.0,10.5,30.6,5.6,0.9,5.6,2.7
2026-04-12 00:00:00,2026-04-12 21:00:00,9.9,21.0,1.1,0.952,4,1110,1,1,1,0,0.03997,0.10337,0.15872,0.21695,0201002512000176,4,102,13.47,27.21,13.74,16.75,32.67,15.92,20.94,38.26,17.33,21.98,22.21,0.23,1.7,2550.0,14.0,137.9,28.01,28.36,0.35,2.2,2580.0,,12.8,35.84,36.09,0.26,1.5,2610.0,,,1.6,3.3,9.9,3.5
2026-05-06 14:00:00,2026-05-07 12:00:00,6.9,22.0,1.5,0.045,1,1110,1,1,1,0,0.08465,0.13076,0.15786,0.20973,0201002512000176,5,126,13.47,27.21,13.74,16.75,32.67,15.92,20.94,38.26,17.33,21.63,21.83,0.2,1.4,180.0,3.0,55.4,29.12,29.45,0.33,2.1,300.0,6.0,86.2,37.25,37.3,0.05,0.3,60.0,0.5,16.0,2.9,4.7,8.2,4.7
2026-05-11 13:00:00,2026-05-12 02:00:00,6.9,13.0,3.1,0.154,1,1111,1,1,1,1,0.14716,0.20415,0.22063,0.24355,0201002512000176,5,131,13.47,27.21,13.74,16.75,32.67,15.92,20.94,38.26,17.33,20.05,38.57,18.52,134.8,1320.0,,9.8,27.46,41.33,13.86,87.1,1320.0,,9.8,35.45,42.61,7.16,41.3,1320.0,,9.8,6.9,0.2,11.2,13.0
2026-05-13 17:00:00,2026-05-14 15:00:00,12.8,22.0,3.1,0.864,4,1100,1,1,0,0,0.04727,0.1017,0.11435,0.17223,0201002512000176,5,133,13.47,27.21,13.74,16.75,32.67,15.92,20.94,38.26,17.33,28.09,28.31,0.21,1.6,1350.0,4.5,50.6,32.36,32.16,-0.2,-1.2,0.0,0.0,13.0,38.8,38.75,-0.04,-0.2,0.0,0.0,13.0,12.8,6.4,14.3,14.7
2026-05-20 03:00:00,2026-05-20 14:00:00,5.5,11.0,4.3,1.0,4,0000,0,0,0,0,0.01358,0.0484,0.05005,0.08962,0201002512000176,5,140,13.47,27.21,13.74,16.75,32.67,15.92,20.94,38.26,17.33,22.97,22.87,-0.1,-0.7,0.0,0.0,11.5,28.95,29.04,0.09,0.5,0.0,0.5,11.5,36.92,36.85,-0.07,-0.4,330.0,0.0,,7.4,5.5,16.4,5.5
2026-05-31 11:00:00,2026-06-01 03:00:00,20.9,16.0,10.5,0.438,2,0011,0,0,1,1,0.00613,0.06414,0.19752,0.23041,0201002512000176,5,151,13.47,27.21,13.74,16.75,32.67,15.92,20.94,38.26,17.33,21.45,21.84,0.39,2.8,1770.0,8.5,155.2,29.66,29.39,-0.27,-1.7,0.0,0.0,25.5,38.29,38.24,-0.05,-0.3,30.0,0.0,,20.3,0.0,21.2,6.0
2026-06-02 17:00:00,2026-06-02 23:00:00,5.9,6.0,4.4,0.667,3,0001,0,0,0,1,0.00847,0.00847,0.1363,0.23799,0201002512000176,6,153,13.47,27.21,13.74,16.75,32.67,15.92,20.94,38.26,17.33,21.2,21.21,0.01,0.0,0.0,0.5,21.6,26.92,27.1,0.18,1.1,240.0,0.5,15.2,36.14,36.14,-0.0,-0.0,0.0,0.0,21.6,0.2,6.0,21.2,9.5
2026-06-10 15:00:00,2026-06-11 17:00:00,5.4,26.0,1.9,1.0,4,1000,1,0,0,0,0.04541,0.08137,0.13355,0.16311,0201002512000176,6,161,13.47,27.21,13.74,16.75,32.67,15.92,20.94,38.26,17.33,28.99,28.59,-0.4,-2.9,0.0,0.0,13.8,34.28,34.03,-0.25,-1.5,330.0,0.0,,39.86,39.8,-0.06,-0.4,0.0,0.0,13.8,0.7,3.5,5.5,15.0
2026-06-12 00:00:00,2026-06-12 23:00:00,9.6,23.0,1.0,0.913,4,0000,0,0,0,0,0.02833,0.07696,0.12364,0.18682,0201002512000176,6,163,13.47,27.21,13.74,16.75,32.67,15.92,20.94,38.26,17.33,27.08,26.96,-0.12,-0.8,0.0,0.0,11.6,32.61,32.66,0.05,0.3,330.0,0.5,11.7,39.23,39.25,0.02,0.1,390.0,0.5,12.0,4.2,9.6,10.4,9.7
2026-06-16 08:00:00,2026-06-16 23:00:00,10.3,15.0,2.5,0.333,2,0110,0,1,1,0,0.02168,0.13212,0.1983,0.20583,0201002512000176,6,167,13.47,27.21,13.74,16.75,32.67,15.92,20.94,38.26,17.33,22.16,22.09,-0.07,-0.5,0.0,0.0,15.0,28.91,28.82,-0.09,-0.5,30.0,0.0,,37.43,37.4,-0.03,-0.2,90.0,0.0,,0.1,10.3,0.2,10.3
2026-06-21 12:00:00,2026-06-21 18:00:00,24.1,6.0,13.0,1.0,4,0000,0,0,0,0,0.0249,0.04599,0.09829,0.15897,0201002512000176,6,172,13.47,27.21,13.74,16.75,32.67,15.92,20.94,38.26,17.33,20.08,40.6,20.52,149.3,1140.0,141.0,3924.5,24.67,38.73,14.06,88.3,1290.0,,,33.05,33.14,0.09,0.5,1800.0,,25.1,24.1,0.4,24.4,0.4
2026-07-01 00:00:00,2026-07-01 04:00:00,31.0,4.0,28.4,0.75,4,0001,0,0,0,1,0.01089,0.01371,0.12984,0.24718,0201002512000176,7,182,13.47,27.21,13.74,16.75,32.67,15.92,20.94,38.26,17.33,20.05,19.99,-0.06,-0.4,0.0,0.0,22.3,24.39,24.65,0.25,1.6,390.0,0.5,20.3,33.04,32.92,-0.12,-0.7,60.0,0.0,21.2,1.2,31.8,2.8,32.0
2026-07-14 14:00:00,2026-07-14 20:00:00,27.3,6.0,10.1,0.333,2,1111,1,1,1,1,0.05563,0.18277,0.24908,0.24939,0201002512000176,7,195,13.47,27.21,13.74,16.75,32.67,15.92,20.94,38.26,17.33,19.02,40.0,20.98,152.7,180.0,,20.5,23.54,42.06,18.52,116.3,180.0,,20.5,31.19,40.82,9.63,55.6,360.0,,20.5,27.3,9.7,27.3,26.2
2026-07-17 08:00:00,2026-07-17 14:00:00,16.5,6.0,8.3,1.0,4,1100,1,1,0,0,0.12323,0.12424,0.12424,0.16616,0201002512000176,7,198,13.47,27.21,13.74,16.75,32.67,15.92,20.94,38.26,17.33,24.65,34.65,10.0,72.8,810.0,47.0,936.2,30.55,31.5,0.95,6.0,1080.0,28.5,591.2,38.52,38.47,-0.05,-0.3,0.0,0.0,18.7,16.5,1.1,16.5,3.3
