event_type,depth,rank,feature,importance,importance_std,cv_r2_mean,cv_r2_std,n_samples
BSC_00XX_Q34,−10 cm,1,day_cos,0.237296,0.008658,0.4494,0.0338,1358
BSC_00XX_Q34,−10 cm,2,avg_temp-10,0.220069,0.01124,0.4494,0.0338,1358
BSC_00XX_Q34,−10 cm,3,max_intensity_mmh,0.141766,0.005889,0.4494,0.0338,1358
BSC_00XX_Q34,−10 cm,4,rain_pre72h_mm,0.114418,0.00348,0.4494,0.0338,1358
BSC_00XX_Q34,−10 cm,5,rain_pre24h_mm,0.113431,0.007111,0.4494,0.0338,1358
BSC_00XX_Q34,−10 cm,6,area_4,0.113306,0.009288,0.4494,0.0338,1358
BSC_00XX_Q34,−10 cm,7,duration_h,0.093128,0.005719,0.4494,0.0338,1358
BSC_00XX_Q34,−10 cm,8,area_3,0.069119,0.003664,0.4494,0.0338,1358
BSC_00XX_Q34,−10 cm,9,total_mm,0.063022,0.002278,0.4494,0.0338,1358
BSC_00XX_Q34,−10 cm,10,area_2,0.062998,0.002382,0.4494,0.0338,1358
BSC_00XX_Q34,−10 cm,11,area_1,0.055787,0.002439,0.4494,0.0338,1358
BSC_00XX_Q34,−10 cm,12,greenAtta_0to7,0.045421,0.001515,0.4494,0.0338,1358
BSC_00XX_Q34,−10 cm,13,pre_vwc-10,0.04518,0.003922,0.4494,0.0338,1358
BSC_00XX_Q34,−30 cm,1,avg_temp-30,0.436157,0.023328,0.4517,0.0196,1726
BSC_00XX_Q34,−30 cm,2,day_cos,0.195366,0.008106,0.4517,0.0196,1726
BSC_00XX_Q34,−30 cm,3,area_4,0.182509,0.010788,0.4517,0.0196,1726
BSC_00XX_Q34,−30 cm,4,rain_pre24h_mm,0.171644,0.011625,0.4517,0.0196,1726
BSC_00XX_Q34,−30 cm,5,rain_pre72h_mm,0.122158,0.005753,0.4517,0.0196,1726
BSC_00XX_Q34,−30 cm,6,max_intensity_mmh,0.117779,0.005504,0.4517,0.0196,1726
BSC_00XX_Q34,−30 cm,7,area_1,0.079575,0.004433,0.4517,0.0196,1726
BSC_00XX_Q34,−30 cm,8,total_mm,0.075364,0.002069,0.4517,0.0196,1726
BSC_00XX_Q34,−30 cm,9,area_3,0.070701,0.001907,0.4517,0.0196,1726
BSC_00XX_Q34,−30 cm,10,area_2,0.061163,0.00276,0.4517,0.0196,1726
BSC_00XX_Q34,−30 cm,11,dyn_range-30,0.055647,0.00298,0.4517,0.0196,1726
BSC_00XX_Q34,−45 cm,1,avg_temp-45,0.481353,0.025206,0.4018,0.0156,1501
BSC_00XX_Q34,−45 cm,2,rain_pre24h_mm,0.203282,0.01112,0.4018,0.0156,1501
BSC_00XX_Q34,−45 cm,3,day_cos,0.203098,0.004712,0.4018,0.0156,1501
BSC_00XX_Q34,−45 cm,4,area_4,0.197605,0.012198,0.4018,0.0156,1501
BSC_00XX_Q34,−45 cm,5,max_intensity_mmh,0.145117,0.005149,0.4018,0.0156,1501
BSC_00XX_Q34,−45 cm,6,rain_pre72h_mm,0.13061,0.004594,0.4018,0.0156,1501
BSC_00XX_Q34,−45 cm,7,total_mm,0.108354,0.005138,0.4018,0.0156,1501
BSC_00XX_Q34,−45 cm,8,area_1,0.074248,0.003528,0.4018,0.0156,1501
BSC_00XX_Q34,−45 cm,9,dyn_range-45,0.052771,0.002682,0.4018,0.0156,1501
IRRIGATION,−10 cm,1,dyn_range-10,0.318504,0.011198,0.5143,0.0533,1131
IRRIGATION,−10 cm,2,pre_vwc-10,0.209563,0.008649,0.5143,0.0533,1131
IRRIGATION,−10 cm,3,day_cos,0.204034,0.009118,0.5143,0.0533,1131
IRRIGATION,−10 cm,4,stemDiam,0.113366,0.006156,0.5143,0.0533,1131
IRRIGATION,−10 cm,5,avg_temp-10,0.081078,0.003703,0.5143,0.0533,1131
IRRIGATION,−10 cm,6,slope,0.06717,0.003253,0.5143,0.0533,1131
IRRIGATION,−10 cm,7,height,0.064011,0.003731,0.5143,0.0533,1131
IRRIGATION,−10 cm,8,greenAtta_0to7,0.050697,0.002165,0.5143,0.0533,1131
IRRIGATION,−10 cm,9,twi,0.047738,0.002243,0.5143,0.0533,1131
IRRIGATION,−10 cm,10,SVF,0.043865,0.00189,0.5143,0.0533,1131
IRRIGATION,−10 cm,11,crownDiam,0.04202,0.003865,0.5143,0.0533,1131
IRRIGATION,−10 cm,12,tpi_7m5,0.03931,0.002033,0.5143,0.0533,1131
IRRIGATION,−30 cm,1,dyn_range-30,0.303574,0.009928,0.526,0.062,1075
IRRIGATION,−30 cm,2,pre_vwc-30,0.22871,0.007725,0.526,0.062,1075
IRRIGATION,−30 cm,3,day_cos,0.128183,0.008156,0.526,0.062,1075
IRRIGATION,−30 cm,4,crownDiam,0.081521,0.00605,0.526,0.062,1075
IRRIGATION,−30 cm,5,stemDiam,0.071209,0.00361,0.526,0.062,1075
IRRIGATION,−30 cm,6,twi,0.064969,0.002258,0.526,0.062,1075
IRRIGATION,−30 cm,7,height,0.062327,0.001961,0.526,0.062,1075
IRRIGATION,−30 cm,8,slope,0.06218,0.001154,0.526,0.062,1075
IRRIGATION,−30 cm,9,avg_temp-30,0.061941,0.003456,0.526,0.062,1075
IRRIGATION,−30 cm,10,greenAtta_0to7,0.060252,0.002243,0.526,0.062,1075
IRRIGATION,−30 cm,11,tpi_7m5,0.047553,0.000806,0.526,0.062,1075
IRRIGATION,−30 cm,12,SVF,0.043002,0.001873,0.526,0.062,1075
IRRIGATION,−45 cm,1,dyn_range-45,0.183011,0.009144,0.5452,0.0217,1040
IRRIGATION,−45 cm,2,pre_vwc-45,0.123361,0.003483,0.5452,0.0217,1040
IRRIGATION,−45 cm,3,day_cos,0.106651,0.005924,0.5452,0.0217,1040
IRRIGATION,−45 cm,4,stemDiam,0.095003,0.003714,0.5452,0.0217,1040
IRRIGATION,−45 cm,5,greenAtta_0to7,0.094157,0.003747,0.5452,0.0217,1040
IRRIGATION,−45 cm,6,twi,0.093526,0.005391,0.5452,0.0217,1040
IRRIGATION,−45 cm,7,crownDiam,0.087061,0.006716,0.5452,0.0217,1040
IRRIGATION,−45 cm,8,height,0.081922,0.003436,0.5452,0.0217,1040
IRRIGATION,−45 cm,9,slope,0.080095,0.002978,0.5452,0.0217,1040
IRRIGATION,−45 cm,10,avg_temp-45,0.058834,0.004905,0.5452,0.0217,1040
IRRIGATION,−45 cm,11,SVF,0.044751,0.002006,0.5452,0.0217,1040
IRRIGATION,−45 cm,12,tpi_7m5,0.044179,0.001661,0.5452,0.0217,1040
IRRIGATION_STRONG,−10 cm,1,dyn_range-10,0.660424,0.056525,0.455,0.0529,360
IRRIGATION_STRONG,−10 cm,2,day_cos,0.33844,0.030521,0.455,0.0529,360
IRRIGATION_STRONG,−10 cm,3,pre_vwc-10,0.19021,0.010713,0.455,0.0529,360
IRRIGATION_STRONG,−10 cm,4,avg_temp-10,0.169228,0.008155,0.455,0.0529,360
IRRIGATION_STRONG,−30 cm,1,dyn_range-30,0.453116,0.038137,0.4619,0.0181,321
IRRIGATION_STRONG,−30 cm,2,day_cos,0.126946,0.01092,0.4619,0.0181,321
IRRIGATION_STRONG,−30 cm,3,greenAtta_0to7,0.090167,0.009268,0.4619,0.0181,321
IRRIGATION_STRONG,−30 cm,4,avg_temp-30,0.081703,0.008743,0.4619,0.0181,321
IRRIGATION_STRONG,−30 cm,5,pre_vwc-30,0.081334,0.005221,0.4619,0.0181,321
IRRIGATION_STRONG,−30 cm,6,stemDiam,0.068548,0.005898,0.4619,0.0181,321
IRRIGATION_STRONG,−30 cm,7,twi,0.060011,0.002814,0.4619,0.0181,321
IRRIGATION_STRONG,−30 cm,8,tpi_7m5,0.059759,0.004582,0.4619,0.0181,321
IRRIGATION_STRONG,−30 cm,9,crownDiam,0.046755,0.005454,0.4619,0.0181,321
IRRIGATION_STRONG,−30 cm,10,rain_pre72h_mm,0.045473,0.004053,0.4619,0.0181,321
IRRIGATION_STRONG,−45 cm,1,dyn_range-45,0.250369,0.0236,0.4186,0.0517,289
IRRIGATION_STRONG,−45 cm,2,greenAtta_0to7,0.155205,0.015379,0.4186,0.0517,289
IRRIGATION_STRONG,−45 cm,3,pre_vwc-45,0.141555,0.008614,0.4186,0.0517,289
IRRIGATION_STRONG,−45 cm,4,twi,0.110937,0.019361,0.4186,0.0517,289
IRRIGATION_STRONG,−45 cm,5,crownDiam,0.108261,0.018661,0.4186,0.0517,289
IRRIGATION_STRONG,−45 cm,6,avg_temp-45,0.106487,0.007651,0.4186,0.0517,289
IRRIGATION_STRONG,−45 cm,7,stemDiam,0.092039,0.013871,0.4186,0.0517,289
