eui,event_time,event_type,month,doy,vwc_p05-10,vwc_p95-10,dyn_range-10,vwc_p05-30,vwc_p95-30,dyn_range-30,vwc_p05-45,vwc_p95-45,dyn_range-45,pre_vwc-10,peak_vwc-10,delta_vwc-10,delta_pct_dyn-10,t_peak_min-10,dry_h-10,temp_sum-10,pre_vwc-30,peak_vwc-30,delta_vwc-30,delta_pct_dyn-30,t_peak_min-30,dry_h-30,temp_sum-30,pre_vwc-45,peak_vwc-45,delta_vwc-45,delta_pct_dyn-45,t_peak_min-45,dry_h-45,temp_sum-45,rain_pre24h_mm,rain_post24h_mm,rain_pre72h_mm,rain_post72h_mm
0201002512000296,2023-06-30 04:00:00,IRRIGATION,6,181,22.27,39.01,16.74,19.34,35.56,16.22,18.6,36.6,18.0,,38.75,,,180.0,,,,37.75,,,180.0,,,,40.93,,,180.0,,,0.0,0.0,0.0,0.0
0201002512000296,2023-07-07 06:30:00,IRRIGATION,7,188,22.27,39.01,16.74,19.34,35.56,16.22,18.6,36.6,18.0,23.86,39.78,15.92,95.1,180.0,54.5,,18.26,38.22,19.96,123.1,180.0,75.0,,21.06,40.36,19.3,107.2,180.0,75.0,,0.0,0.0,0.0,0.0
0201002512000296,2023-07-17 10:00:00,IRRIGATION,7,198,22.27,39.01,16.74,19.34,35.56,16.22,18.6,36.6,18.0,29.48,38.44,8.96,53.5,120.0,35.0,,18.43,34.94,16.51,101.8,120.0,98.0,,18.41,38.96,20.55,114.2,120.0,141.5,,0.0,0.0,0.0,0.0
0201002512000296,2024-06-20 10:00:00,IRRIGATION,6,172,22.27,39.01,16.74,19.34,35.56,16.22,18.6,36.6,18.0,,39.96,,,210.0,,,22.51,39.45,16.94,104.4,30.0,128.5,2643.5,20.97,38.05,17.08,94.9,210.0,140.5,2882.5,0.2,6.3,17.87,25.43
0201002512000296,2024-06-27 08:00:00,IRRIGATION,6,179,22.27,39.01,16.74,19.34,35.56,16.22,18.6,36.6,18.0,29.35,42.97,13.62,81.4,180.0,,23.5,22.63,41.56,18.93,116.7,180.0,,23.5,21.38,42.85,21.47,119.3,180.0,,23.5,3.5,9.55,3.5,15.7
0201002512000296,2024-07-26 07:00:00,IRRIGATION,7,208,22.27,39.01,16.74,19.34,35.56,16.22,18.6,36.6,18.0,25.64,40.47,14.83,88.6,60.0,,22.2,21.2,38.52,17.32,106.8,120.0,121.0,2619.6,,38.81,,,120.0,,23.8,0.0,1.74,3.7,11.08
0201002512000296,2024-09-05 07:30:00,IRRIGATION,9,249,22.27,39.01,16.74,19.34,35.56,16.22,18.6,36.6,18.0,22.7,40.01,17.31,103.4,210.0,,,19.35,38.77,19.42,119.7,210.0,,,16.83,39.3,22.47,124.8,210.0,,,0.9,0.14,0.9,0.54
0201002512000296,2024-09-13 07:00:00,IRRIGATION,9,257,22.27,39.01,16.74,19.34,35.56,16.22,18.6,36.6,18.0,36.94,40.16,3.22,19.2,60.0,34.5,120.2,32.41,38.55,6.14,37.9,60.0,34.5,120.2,31.26,39.4,8.14,45.2,60.0,38.5,138.5,0.0,0.84,1.0,1.96
0201002512000296,2024-10-18 05:30:00,IRRIGATION,10,292,22.27,39.01,16.74,19.34,35.56,16.22,18.6,36.6,18.0,36.52,40.23,3.71,22.2,210.0,,11.1,32.9,43.57,10.67,65.8,150.0,45.5,290.5,31.98,38.97,6.99,38.8,210.0,90.0,585.3,0.0,0.0,0.0,0.0
0201002512000296,2025-05-06 04:30:00,IRRIGATION,5,126,22.27,39.01,16.74,19.34,35.56,16.22,18.6,36.6,18.0,33.28,40.37,7.09,42.4,120.0,147.0,1828.6,,39.13,,,120.0,,,27.57,39.41,11.84,65.8,120.0,143.5,1776.5,0.0,0.0,10.46,0.0
0201002512000296,2025-05-23 06:30:00,IRRIGATION,5,143,22.27,39.01,16.74,19.34,35.56,16.22,18.6,36.6,18.0,23.6,39.6,16.0,95.6,210.0,,12.8,20.69,38.1,17.41,107.3,210.0,,12.8,,38.2,,,210.0,,12.8,0.0,0.0,0.62,1.22
0201002512000296,2026-05-15 06:30:00,IRRIGATION,5,135,22.27,39.01,16.74,19.34,35.56,16.22,18.6,36.6,18.0,26.29,40.7,14.41,86.1,240.0,,,23.92,38.92,15.01,92.5,240.0,,,22.12,39.74,17.62,97.9,240.0,,,0.0,0.0,0.0,0.0
0201002512000296,2026-05-27 11:00:00,IRRIGATION,5,147,22.27,39.01,16.74,19.34,35.56,16.22,18.6,36.6,18.0,23.54,42.24,18.7,111.7,210.0,,,22.16,40.48,18.32,113.0,210.0,104.0,,20.34,40.96,20.62,114.6,210.0,97.0,,0.0,0.0,0.0,0.0
0201002512000296,2026-06-12 02:30:00,IRRIGATION,6,163,22.27,39.01,16.74,19.34,35.56,16.22,18.6,36.6,18.0,22.27,41.12,18.85,112.6,240.0,,,21.3,39.6,18.3,112.8,240.0,155.5,,19.15,39.91,20.76,115.4,240.0,163.0,,0.0,0.0,0.0,0.0
0201002512000296,2026-06-25 09:00:00,IRRIGATION,6,176,22.27,39.01,16.74,19.34,35.56,16.22,18.6,36.6,18.0,30.37,42.11,11.74,70.2,240.0,53.0,,24.68,41.0,16.32,100.6,240.0,50.0,,20.15,41.18,21.03,116.8,240.0,78.0,,0.0,0.0,0.0,0.0
0201002512000296,2026-07-09 03:30:00,IRRIGATION,7,190,22.27,39.01,16.74,19.34,35.56,16.22,18.6,36.6,18.0,21.62,42.08,20.46,122.2,240.0,,,21.22,40.48,19.26,118.7,240.0,82.5,,19.32,40.87,21.55,119.7,240.0,82.0,,0.0,0.0,0.0,0.0
0201002512000296,2026-07-14 14:30:00,IRRIGATION,7,195,22.27,39.01,16.74,19.34,35.56,16.22,18.6,36.6,18.0,24.16,42.5,18.34,109.6,180.0,,,22.0,40.85,18.85,116.2,210.0,,,20.0,40.29,20.29,112.7,390.0,,,0.0,0.0,0.0,0.0
0201002512000296,2026-07-17 17:00:00,IRRIGATION,7,198,22.27,39.01,16.74,19.34,35.56,16.22,18.6,36.6,18.0,34.69,42.65,7.96,47.6,210.0,60.0,,31.09,40.05,8.96,55.2,210.0,60.5,,30.09,38.36,8.27,45.9,240.0,48.0,,0.0,0.0,0.0,0.0
0201002512000296,2026-07-21 05:00:00,IRRIGATION,7,202,22.27,39.01,16.74,19.34,35.56,16.22,18.6,36.6,18.0,33.53,43.3,9.77,58.3,210.0,,,28.99,42.22,13.23,81.6,210.0,,,27.6,43.19,15.59,86.6,210.0,,,0.0,0.0,0.0,0.0
0201002512000296,2023-07-07 06:30:00,IRRIGATION_STRONG,7,188,22.27,39.01,16.74,19.34,35.56,16.22,18.6,36.6,18.0,23.86,39.78,15.92,95.1,180.0,54.5,,18.26,38.22,19.96,123.1,180.0,75.0,,21.06,40.36,19.3,107.2,180.0,75.0,,0.0,0.0,0.0,0.0
0201002512000296,2024-06-27 08:00:00,IRRIGATION_STRONG,6,179,22.27,39.01,16.74,19.34,35.56,16.22,18.6,36.6,18.0,29.35,42.97,13.62,81.4,180.0,,23.5,22.63,41.56,18.93,116.7,180.0,,23.5,21.38,42.85,21.47,119.3,180.0,,23.5,3.5,9.55,3.5,15.7
0201002512000296,2024-09-05 07:30:00,IRRIGATION_STRONG,9,249,22.27,39.01,16.74,19.34,35.56,16.22,18.6,36.6,18.0,22.7,40.01,17.31,103.4,210.0,,,19.35,38.77,19.42,119.7,210.0,,,16.83,39.3,22.47,124.8,210.0,,,0.9,0.14,0.9,0.54
0201002512000296,2026-05-15 06:30:00,IRRIGATION_STRONG,5,135,22.27,39.01,16.74,19.34,35.56,16.22,18.6,36.6,18.0,26.29,40.7,14.41,86.1,240.0,,,23.92,38.92,15.01,92.5,240.0,,,22.12,39.74,17.62,97.9,240.0,,,0.0,0.0,0.0,0.0
0201002512000296,2026-05-27 11:00:00,IRRIGATION_STRONG,5,147,22.27,39.01,16.74,19.34,35.56,16.22,18.6,36.6,18.0,23.54,42.24,18.7,111.7,210.0,,,22.16,40.48,18.32,113.0,210.0,104.0,,20.34,40.96,20.62,114.6,210.0,97.0,,0.0,0.0,0.0,0.0
0201002512000296,2026-06-12 02:30:00,IRRIGATION_STRONG,6,163,22.27,39.01,16.74,19.34,35.56,16.22,18.6,36.6,18.0,22.27,41.12,18.85,112.6,240.0,,,21.3,39.6,18.3,112.8,240.0,155.5,,19.15,39.91,20.76,115.4,240.0,163.0,,0.0,0.0,0.0,0.0
0201002512000296,2026-06-25 09:00:00,IRRIGATION_STRONG,6,176,22.27,39.01,16.74,19.34,35.56,16.22,18.6,36.6,18.0,30.37,42.11,11.74,70.2,240.0,53.0,,24.68,41.0,16.32,100.6,240.0,50.0,,20.15,41.18,21.03,116.8,240.0,78.0,,0.0,0.0,0.0,0.0
0201002512000296,2026-07-09 03:30:00,IRRIGATION_STRONG,7,190,22.27,39.01,16.74,19.34,35.56,16.22,18.6,36.6,18.0,21.62,42.08,20.46,122.2,240.0,,,21.22,40.48,19.26,118.7,240.0,82.5,,19.32,40.87,21.55,119.7,240.0,82.0,,0.0,0.0,0.0,0.0
0201002512000296,2026-07-14 14:30:00,IRRIGATION_STRONG,7,195,22.27,39.01,16.74,19.34,35.56,16.22,18.6,36.6,18.0,24.16,42.5,18.34,109.6,180.0,,,22.0,40.85,18.85,116.2,210.0,,,20.0,40.29,20.29,112.7,390.0,,,0.0,0.0,0.0,0.0
0201002512000296,2024-02-05 03:00:00,RAIN_ALL,2,36,22.27,39.01,16.74,19.34,35.56,16.22,18.6,36.6,18.0,29.26,29.26,0.0,0.0,660.0,0.0,17.4,27.8,27.97,0.17,1.0,1020.0,1.0,40.9,27.77,27.78,0.02,0.1,420.0,4.0,86.6,9.3,1.1,9.3,1.1
0201002512000296,2024-02-19 22:00:00,RAIN_ALL,2,50,22.27,39.01,16.74,19.34,35.56,16.22,18.6,36.6,18.0,,32.2,,,1050.0,,,,29.71,,,1050.0,,,,29.57,,,1170.0,,,2.5,1.33,5.78,9.37
0201002512000296,2024-02-22 07:00:00,RAIN_ALL,2,53,22.27,39.01,16.74,19.34,35.56,16.22,18.6,36.6,18.0,,,,,,,,,,,,,,,,,,,,,,,,,
0201002512000296,2024-03-16 15:00:00,RAIN_ALL,3,76,22.27,39.01,16.74,19.34,35.56,16.22,18.6,36.6,18.0,,31.31,,,330.0,,,28.12,28.25,0.13,0.8,630.0,15.0,113.5,,27.64,,,1110.0,,,6.25,0.0,7.6,1.4
0201002512000296,2024-03-23 14:00:00,RAIN_ALL,3,83,22.27,39.01,16.74,19.34,35.56,16.22,18.6,36.6,18.0,30.84,30.31,-0.53,-3.2,720.0,0.0,3.5,28.14,28.19,0.05,0.3,720.0,4.5,17.3,27.42,27.42,0.0,0.0,720.0,0.0,3.5,4.49,4.32,5.29,4.32
0201002512000296,2024-03-24 12:00:00,RAIN_ALL,3,84,22.27,39.01,16.74,19.34,35.56,16.22,18.6,36.6,18.0,30.18,30.29,0.11,0.7,450.0,7.0,30.3,27.9,27.89,-0.01,-0.1,0.0,0.0,7.0,27.42,27.36,-0.06,-0.3,150.0,0.0,,3.62,1.0,7.81,6.7
0201002512000296,2024-03-27 19:00:00,RAIN_ALL,3,87,22.27,39.01,16.74,19.34,35.56,16.22,18.6,36.6,18.0,,,,,,,,,,,,,,,,,,,,,,,,,
0201002512000296,2024-04-04 11:00:00,RAIN_ALL,4,95,22.27,39.01,16.74,19.34,35.56,16.22,18.6,36.6,18.0,,,,,,,,,,,,,,,,,,,,,,,,,
0201002512000296,2024-04-16 06:00:00,RAIN_ALL,4,107,22.27,39.01,16.74,19.34,35.56,16.22,18.6,36.6,18.0,,,,,,,,,,,,,,,,,,,,,,,,,
0201002512000296,2024-04-16 15:00:00,RAIN_ALL,4,107,22.27,39.01,16.74,19.34,35.56,16.22,18.6,36.6,18.0,,,,,,,,,,,,,,,,,,,,,,,,,
0201002512000296,2024-04-17 13:00:00,RAIN_ALL,4,108,22.27,39.01,16.74,19.34,35.56,16.22,18.6,36.6,18.0,,,,,,,,,,,,,,,,,,,,,,,,,
0201002512000296,2024-04-19 12:00:00,RAIN_ALL,4,110,22.27,39.01,16.74,19.34,35.56,16.22,18.6,36.6,18.0,,,,,,,,,,,,,,,,,,,,,,,,,
0201002512000296,2024-04-21 06:00:00,RAIN_ALL,4,112,22.27,39.01,16.74,19.34,35.56,16.22,18.6,36.6,18.0,,,,,,,,,,,,,,,,,,,,,,,,,
0201002512000296,2024-05-02 18:00:00,RAIN_ALL,5,123,22.27,39.01,16.74,19.34,35.56,16.22,18.6,36.6,18.0,,,,,,,,,,,,,,,,,,,,,,,,,
0201002512000296,2024-05-05 10:00:00,RAIN_ALL,5,126,22.27,39.01,16.74,19.34,35.56,16.22,18.6,36.6,18.0,,,,,,,,,,,,,,,,,,,,,,,,,
0201002512000296,2024-05-06 20:00:00,RAIN_ALL,5,127,22.27,39.01,16.74,19.34,35.56,16.22,18.6,36.6,18.0,,,,,,,,,,,,,,,,,,,,,,,,,
0201002512000296,2024-05-16 18:00:00,RAIN_ALL,5,137,22.27,39.01,16.74,19.34,35.56,16.22,18.6,36.6,18.0,,,,,,,,,,,,,,,,,,,,,,,,,
0201002512000296,2024-05-17 05:00:00,RAIN_ALL,5,138,22.27,39.01,16.74,19.34,35.56,16.22,18.6,36.6,18.0,,,,,,,,,,,,,,,,,,,,,,,,,
0201002512000296,2024-05-17 14:00:00,RAIN_ALL,5,138,22.27,39.01,16.74,19.34,35.56,16.22,18.6,36.6,18.0,,,,,,,,,,,,,,,,,,,,,,,,,
0201002512000296,2024-05-21 14:00:00,RAIN_ALL,5,142,22.27,39.01,16.74,19.34,35.56,16.22,18.6,36.6,18.0,,,,,,,,,,,,,,,,,,,,,,,,,
0201002512000296,2024-05-23 23:00:00,RAIN_ALL,5,144,22.27,39.01,16.74,19.34,35.56,16.22,18.6,36.6,18.0,,,,,,,,,,,,,,,,,,,,,,,,,
0201002512000296,2024-05-24 16:00:00,RAIN_ALL,5,145,22.27,39.01,16.74,19.34,35.56,16.22,18.6,36.6,18.0,,,,,,,,,,,,,,,,,,,,,,,,,
0201002512000296,2024-05-27 19:00:00,RAIN_ALL,5,148,22.27,39.01,16.74,19.34,35.56,16.22,18.6,36.6,18.0,35.48,35.53,0.05,0.3,30.0,2.0,30.4,26.27,26.45,0.18,1.1,30.0,2.0,30.4,23.75,23.67,-0.08,-0.4,30.0,0.0,,6.25,3.63,6.25,20.47
0201002512000296,2024-05-30 05:00:00,RAIN_ALL,5,151,22.27,39.01,16.74,19.34,35.56,16.22,18.6,36.6,18.0,32.73,33.07,0.34,2.0,840.0,8.5,113.1,24.88,25.03,0.15,0.9,840.0,2.0,40.4,22.37,22.3,-0.07,-0.4,0.0,0.0,14.1,11.04,4.2,21.97,61.25
0201002512000296,2024-06-01 09:00:00,RAIN_ALL,6,153,22.27,39.01,16.74,19.34,35.56,16.22,18.6,36.6,18.0,33.48,40.14,6.66,39.8,1140.0,,14.9,24.62,34.55,9.93,61.3,1440.0,,19.2,21.77,23.29,1.52,8.4,1260.0,,16.6,40.64,10.79,58.74,10.79
0201002512000296,2024-06-01 21:30:00,RAIN_ALL,6,153,22.27,39.01,16.74,19.34,35.56,16.22,18.6,36.6,18.0,38.53,40.14,1.61,9.6,390.0,54.5,920.7,25.14,35.67,10.53,64.9,1290.0,,16.4,21.86,33.39,11.53,64.1,1410.0,,15.0,40.64,10.79,58.74,10.79
0201002512000296,2024-06-02 07:00:00,RAIN_ALL,6,154,22.27,39.01,16.74,19.34,35.56,16.22,18.6,36.6,18.0,40.14,40.13,-0.01,-0.1,0.0,0.0,17.6,30.45,35.67,5.22,32.2,720.0,114.0,1929.8,22.04,33.53,11.49,63.8,1440.0,,16.8,39.1,9.57,53.75,9.57
0201002512000296,2024-06-05 10:00:00,RAIN_ALL,6,157,22.27,39.01,16.74,19.34,35.56,16.22,18.6,36.6,18.0,38.34,38.29,-0.05,-0.3,30.0,0.0,,33.95,33.75,-0.2,-1.2,0.0,0.0,18.8,31.79,31.64,-0.15,-0.8,30.0,0.0,,2.5,1.6,10.87,2.0
0201002512000296,2024-06-15 08:00:00,RAIN_ALL,6,167,22.27,39.01,16.74,19.34,35.56,16.22,18.6,36.6,18.0,33.55,33.67,0.12,0.7,360.0,4.0,98.1,28.19,28.29,0.1,0.6,60.0,2.0,56.5,,26.58,,,180.0,,19.9,7.68,0.0,10.05,5.82
0201002512000296,2024-06-17 12:00:00,RAIN_ALL,6,169,22.27,39.01,16.74,19.34,35.56,16.22,18.6,36.6,18.0,,31.47,,,30.0,,,25.38,24.97,-0.41,-2.5,270.0,0.0,,,23.84,,,30.0,,,5.12,0.7,12.8,17.87
0201002512000296,2024-06-22 01:00:00,RAIN_ALL,6,174,22.27,39.01,16.74,19.34,35.56,16.22,18.6,36.6,18.0,,38.36,,,300.0,,15.9,33.66,33.67,0.01,0.1,120.0,1.0,30.2,32.47,32.27,-0.2,-1.1,60.0,0.0,15.6,21.93,3.2,27.53,3.2
0201002512000296,2024-06-30 05:00:00,RAIN_ALL,6,182,22.27,39.01,16.74,19.34,35.56,16.22,18.6,36.6,18.0,38.9,38.65,-0.25,-1.5,180.0,0.0,23.9,,33.45,,,60.0,,22.7,33.23,32.95,-0.28,-1.6,0.0,0.0,22.3,4.45,12.34,17.6,19.98
0201002512000296,2024-06-30 15:00:00,RAIN_ALL,6,182,22.27,39.01,16.74,19.34,35.56,16.22,18.6,36.6,18.0,38.36,38.27,-0.09,-0.5,0.0,0.0,20.7,32.1,31.91,-0.19,-1.2,0.0,0.0,20.7,31.78,31.78,0.0,0.0,0.0,0.0,20.7,11.55,14.94,19.1,17.08
0201002512000296,2024-07-01 13:00:00,RAIN_ALL,7,183,22.27,39.01,16.74,19.34,35.56,16.22,18.6,36.6,18.0,36.66,36.36,-0.3,-1.8,0.0,0.0,20.1,31.01,30.53,-0.48,-3.0,30.0,0.0,,30.32,29.7,-0.62,-3.4,90.0,0.0,,16.64,3.0,21.29,12.04
0201002512000296,2024-07-03 16:00:00,RAIN_ALL,7,185,22.27,39.01,16.74,19.34,35.56,16.22,18.6,36.6,18.0,33.41,33.44,0.03,0.2,0.0,3.5,56.9,27.56,27.55,-0.01,-0.1,450.0,0.0,,26.39,26.1,-0.29,-1.6,450.0,0.0,,3.54,6.9,14.28,11.6
0201002512000296,2024-07-06 16:00:00,RAIN_ALL,7,188,22.27,39.01,16.74,19.34,35.56,16.22,18.6,36.6,18.0,,33.81,,,390.0,,,25.03,25.35,0.32,2.0,300.0,2.5,52.0,,23.32,,,360.0,,17.8,5.8,1.69,9.2,1.69
0201002512000296,2024-07-10 20:00:00,RAIN_ALL,7,192,22.27,39.01,16.74,19.34,35.56,16.22,18.6,36.6,18.0,,30.25,,,0.0,,21.1,,23.54,,,0.0,,21.1,20.91,20.9,-0.01,-0.1,0.0,0.0,21.1,7.0,8.62,7.0,31.27
0201002512000296,2024-07-12 13:00:00,RAIN_ALL,7,194,22.27,39.01,16.74,19.34,35.56,16.22,18.6,36.6,18.0,,29.13,,,390.0,,,22.92,23.17,0.25,1.5,300.0,9.5,188.1,,20.32,,,390.0,,,14.1,8.55,26.22,8.55
0201002512000296,2024-07-16 00:00:00,RAIN_ALL,7,198,22.27,39.01,16.74,19.34,35.56,16.22,18.6,36.6,18.0,,40.13,,,990.0,,,,38.09,,,990.0,,,,37.58,,,990.0,,,5.83,0.0,5.83,0.0
0201002512000296,2024-07-28 00:00:00,RAIN_ALL,7,210,22.27,39.01,16.74,19.34,35.56,16.22,18.6,36.6,18.0,37.79,36.32,-1.47,-8.8,750.0,0.0,,32.76,31.45,-1.31,-8.1,690.0,0.0,,31.03,30.22,-0.81,-4.5,510.0,0.0,,9.34,0.0,11.08,0.0
0201002512000296,2024-09-16 10:00:00,RAIN_ALL,9,260,22.27,39.01,16.74,19.34,35.56,16.22,18.6,36.6,18.0,36.65,39.78,3.13,18.7,120.0,57.5,366.3,31.25,34.98,3.73,23.0,900.0,58.5,379.9,29.86,34.35,4.49,24.9,1080.0,58.5,411.3,6.12,2.0,6.96,2.0
0201002512000296,2024-10-10 19:00:00,RAIN_ALL,10,284,22.27,39.01,16.74,19.34,35.56,16.22,18.6,36.6,18.0,38.27,39.28,1.01,6.0,750.0,34.0,106.8,34.05,35.7,1.65,10.2,870.0,28.0,48.6,33.24,34.62,1.38,7.7,1170.0,24.0,27.0,4.4,0.0,5.7,0.4
0201002512000296,2024-11-18 10:00:00,RAIN_ALL,11,323,22.27,39.01,16.74,19.34,35.56,16.22,18.6,36.6,18.0,34.38,38.5,4.12,24.6,930.0,100.0,91.1,30.59,33.41,2.82,17.4,1230.0,,,28.54,30.8,2.26,12.6,1230.0,,,5.3,6.85,6.5,7.65
0201002512000296,2024-11-19 22:00:00,RAIN_ALL,11,324,22.27,39.01,16.74,19.34,35.56,16.22,18.6,36.6,18.0,,39.58,,,240.0,,,33.51,35.59,2.08,12.8,240.0,23.0,8.9,,33.83,,,480.0,,,6.85,0.6,13.35,1.6
0201002512000296,2024-11-26 04:00:00,RAIN_ALL,11,331,22.27,39.01,16.74,19.34,35.56,16.22,18.6,36.6,18.0,,35.87,,,1110.0,,,,31.97,,,1230.0,,,29.82,30.11,0.29,1.6,1170.0,86.0,144.6,5.26,0.0,5.72,0.54
0201002512000296,2024-12-02 06:00:00,RAIN_ALL,12,337,22.27,39.01,16.74,19.34,35.56,16.22,18.6,36.6,18.0,33.51,33.76,0.25,1.5,1110.0,,,30.59,30.74,0.15,0.9,960.0,,,29.18,29.18,0.0,0.0,0.0,0.0,0.3,6.76,0.2,6.76,2.6
0201002512000296,2024-12-06 15:00:00,RAIN_ALL,12,341,22.27,39.01,16.74,19.34,35.56,16.22,18.6,36.6,18.0,,38.03,,,180.0,,,33.32,33.49,0.17,1.0,570.0,5.0,9.0,31.34,31.92,0.58,3.2,450.0,17.0,15.0,7.1,3.7,7.1,3.7
0201002512000296,2024-12-07 12:00:00,RAIN_ALL,12,342,22.27,39.01,16.74,19.34,35.56,16.22,18.6,36.6,18.0,,36.81,,,1050.0,,,32.92,34.48,1.56,9.6,390.0,17.0,10.0,31.4,32.61,1.21,6.7,510.0,15.0,5.4,3.7,0.0,10.8,0.0
0201002512000296,2024-12-19 19:00:00,RAIN_ALL,12,354,22.27,39.01,16.74,19.34,35.56,16.22,18.6,36.6,18.0,,34.82,,,1200.0,,3.5,30.94,31.17,0.23,1.4,900.0,1.0,,29.16,29.24,0.08,0.4,1200.0,15.0,8.5,3.6,0.8,4.1,7.02
0201002512000296,2024-12-22 13:00:00,RAIN_ALL,12,357,22.27,39.01,16.74,19.34,35.56,16.22,18.6,36.6,18.0,35.04,36.18,1.14,6.8,330.0,36.5,15.9,31.07,32.06,0.99,6.1,810.0,74.0,46.3,29.31,30.07,0.76,4.2,1170.0,87.0,54.6,5.82,0.4,10.22,0.4
0201002512000296,2025-01-02 12:00:00,RAIN_ALL,1,2,22.27,39.01,16.74,19.34,35.56,16.22,18.6,36.6,18.0,,35.11,,,270.0,,,29.25,31.35,2.1,12.9,750.0,,,,29.73,,,1050.0,,,6.74,0.0,6.74,3.08
0201002512000296,2025-01-08 18:00:00,RAIN_ALL,1,8,22.27,39.01,16.74,19.34,35.56,16.22,18.6,36.6,18.0,,35.33,,,1290.0,,,31.18,31.61,0.43,2.7,1290.0,37.0,11.1,,30.12,,,1290.0,,,3.59,3.0,4.86,3.0
0201002512000296,2025-01-09 16:00:00,RAIN_ALL,1,9,22.27,39.01,16.74,19.34,35.56,16.22,18.6,36.6,18.0,35.28,35.33,0.05,0.3,0.0,17.5,12.1,31.55,31.82,0.27,1.7,1050.0,4.0,2.4,,30.34,,,1050.0,,,5.09,3.0,6.36,3.0
0201002512000296,2025-01-28 07:00:00,RAIN_ALL,1,28,22.27,39.01,16.74,19.34,35.56,16.22,18.6,36.6,18.0,33.87,35.33,1.46,8.7,630.0,39.5,50.0,29.68,30.91,1.23,7.6,1230.0,106.5,101.9,27.94,28.74,0.8,4.4,930.0,149.5,115.5,6.34,0.4,9.02,0.6
0201002512000296,2025-02-11 04:00:00,RAIN_ALL,2,42,22.27,39.01,16.74,19.34,35.56,16.22,18.6,36.6,18.0,31.02,31.49,0.47,2.8,1410.0,,,28.48,28.73,0.25,1.5,1350.0,,,27.16,27.3,0.14,0.8,1290.0,,,7.28,3.1,7.28,5.1
0201002512000296,2025-03-24 16:00:00,RAIN_ALL,3,83,22.27,39.01,16.74,19.34,35.56,16.22,18.6,36.6,18.0,33.52,34.03,0.51,3.0,1410.0,63.5,504.0,,30.6,,,240.0,,10.0,,28.34,,,1350.0,,,2.94,1.04,6.21,1.24
0201002512000296,2025-04-24 01:00:00,RAIN_ALL,4,114,22.27,39.01,16.74,19.34,35.56,16.22,18.6,36.6,18.0,38.81,38.76,-0.05,-0.3,1050.0,0.0,,,35.1,,,0.0,,11.3,33.81,33.78,-0.03,-0.2,0.0,0.0,11.3,5.32,1.55,5.32,1.55
0201002512000296,2025-05-03 21:00:00,RAIN_ALL,5,123,22.27,39.01,16.74,19.34,35.56,16.22,18.6,36.6,18.0,,34.84,,,540.0,,10.0,31.56,31.18,-0.38,-2.3,660.0,0.0,11.4,,28.72,,,660.0,,11.4,10.46,0.0,10.46,0.0
0201002512000296,2025-05-28 09:00:00,RAIN_ALL,5,148,22.27,39.01,16.74,19.34,35.56,16.22,18.6,36.6,18.0,44.03,43.17,-0.86,-5.1,0.0,0.0,15.2,40.92,40.75,-0.17,-1.0,0.0,0.0,15.2,38.48,38.4,-0.08,-0.4,0.0,0.0,15.2,4.1,3.8,4.7,3.8
0201002512000296,2025-06-04 18:00:00,RAIN_ALL,6,155,22.27,39.01,16.74,19.34,35.56,16.22,18.6,36.6,18.0,31.51,45.04,13.53,80.9,960.0,149.0,2486.0,,41.41,,,1140.0,,22.0,,44.94,,,960.0,,19.6,30.02,0.13,30.67,0.63
0201002512000296,2025-06-15 16:00:00,RAIN_ALL,6,166,22.27,39.01,16.74,19.34,35.56,16.22,18.6,36.6,18.0,25.95,25.95,0.0,0.0,210.0,0.0,,21.31,21.23,-0.08,-0.5,690.0,0.0,,19.19,19.09,-0.1,-0.6,210.0,0.0,,10.45,1.41,10.45,1.41
0201002512000296,2025-07-21 20:00:00,RAIN_ALL,7,202,22.27,39.01,16.74,19.34,35.56,16.22,18.6,36.6,18.0,,,,,,,,,,,,,,,,,,,,,,,,,
0201002512000296,2025-07-22 09:00:00,RAIN_ALL,7,203,22.27,39.01,16.74,19.34,35.56,16.22,18.6,36.6,18.0,,,,,,,,,,,,,,,,,,,,,,,,,
0201002512000296,2025-07-27 10:00:00,RAIN_ALL,7,208,22.27,39.01,16.74,19.34,35.56,16.22,18.6,36.6,18.0,38.98,39.86,0.88,5.3,180.0,22.5,380.1,29.93,32.31,2.38,14.7,1110.0,32.5,556.6,25.55,28.53,2.98,16.6,1110.0,37.5,653.0,2.06,4.3,3.16,5.0
0201002512000296,2025-07-31 18:00:00,RAIN_ALL,7,212,22.27,39.01,16.74,19.34,35.56,16.22,18.6,36.6,18.0,33.19,34.2,1.01,6.0,1170.0,29.0,487.4,26.78,26.9,0.12,0.7,0.0,25.0,460.8,23.47,23.47,0.0,0.0,0.0,0.0,19.3,8.03,0.3,9.93,3.98
0201002512000296,2025-08-01 07:00:00,RAIN_ALL,8,213,22.27,39.01,16.74,19.34,35.56,16.22,18.6,36.6,18.0,,34.2,,,390.0,,,,26.24,,,1020.0,,12.7,,22.97,,,390.0,,,8.03,0.3,9.93,3.98
0201002512000296,2025-08-29 06:00:00,RAIN_ALL,8,241,22.27,39.01,16.74,19.34,35.56,16.22,18.6,36.6,18.0,,,,,,,,,20.2,,,0.0,,16.2,,,,,,,,,,,
0201002512000296,2025-09-04 22:00:00,RAIN_ALL,9,247,22.27,39.01,16.74,19.34,35.56,16.22,18.6,36.6,18.0,,40.06,,,960.0,,17.5,32.73,37.46,4.73,29.2,1050.0,146.0,2330.3,,,,,,,,22.86,0.0,22.86,0.0
0201002512000296,2025-09-09 14:00:00,RAIN_ALL,9,252,22.27,39.01,16.74,19.34,35.56,16.22,18.6,36.6,18.0,,33.84,,,1260.0,,17.3,,,,,,,,,26.86,,,1260.0,,17.3,5.0,0.8,5.0,2.6
0201002512000296,2025-09-14 03:00:00,RAIN_ALL,9,257,22.27,39.01,16.74,19.34,35.56,16.22,18.6,36.6,18.0,30.61,35.15,4.54,27.1,1110.0,,,,25.41,,,180.0,,12.9,,22.66,,,300.0,,13.7,12.1,0.0,13.9,0.0
0201002512000296,2025-09-22 08:00:00,RAIN_ALL,9,265,22.27,39.01,16.74,19.34,35.56,16.22,18.6,36.6,18.0,35.03,42.72,7.69,45.9,300.0,,11.1,28.35,40.2,11.85,73.1,480.0,,11.0,25.79,39.63,13.84,76.9,300.0,,11.1,12.5,0.0,12.5,5.9
0201002512000296,2025-09-24 18:00:00,RAIN_ALL,9,267,22.27,39.01,16.74,19.34,35.56,16.22,18.6,36.6,18.0,,41.77,,,300.0,,10.3,,40.03,,,300.0,,10.3,,39.35,,,300.0,,10.3,5.8,0.1,18.3,0.7
0201002512000296,2025-10-06 15:00:00,RAIN_ALL,10,279,22.27,39.01,16.74,19.34,35.56,16.22,18.6,36.6,18.0,,38.77,,,570.0,,,,35.04,,,810.0,,,32.12,32.85,0.73,4.1,570.0,,,4.0,0.5,8.4,0.5
0201002512000296,2025-10-22 03:00:00,RAIN_ALL,10,295,22.27,39.01,16.74,19.34,35.56,16.22,18.6,36.6,18.0,,37.95,,,810.0,,,32.72,32.83,0.11,0.7,810.0,,,,31.34,,,690.0,,,5.8,8.9,7.2,15.6
0201002512000296,2025-10-23 08:00:00,RAIN_ALL,10,296,22.27,39.01,16.74,19.34,35.56,16.22,18.6,36.6,18.0,,,,,,,,,,,,,,,,,,,,,,,,,
0201002512000296,2025-10-24 08:00:00,RAIN_ALL,10,297,22.27,39.01,16.74,19.34,35.56,16.22,18.6,36.6,18.0,,,,,,,,,35.84,,,510.0,,,,,,,,,,,,,
0201002512000296,2025-10-27 06:00:00,RAIN_ALL,10,300,22.27,39.01,16.74,19.34,35.56,16.22,18.6,36.6,18.0,,,,,,,,,,,,,,,,,,,,,,,,,
0201002512000296,2025-11-02 02:00:00,RAIN_ALL,11,306,22.27,39.01,16.74,19.34,35.56,16.22,18.6,36.6,18.0,38.16,39.48,1.32,7.9,1350.0,49.0,383.9,33.65,35.7,2.05,12.6,1350.0,66.0,506.0,32.81,34.12,1.31,7.3,1350.0,69.0,524.7,12.3,0.0,14.9,0.0
0201002512000296,2025-11-02 17:00:00,RAIN_ALL,11,306,22.27,39.01,16.74,19.34,35.56,16.22,18.6,36.6,18.0,,39.48,,,450.0,,,,35.7,,,450.0,,,,35.02,,,870.0,,,12.3,0.0,14.9,0.0
0201002512000296,2025-11-23 22:00:00,RAIN_ALL,11,327,22.27,39.01,16.74,19.34,35.56,16.22,18.6,36.6,18.0,31.67,32.27,0.6,3.6,1380.0,,1.3,,29.48,,,240.0,,-0.1,28.73,28.77,0.04,0.2,120.0,1.0,-1.4,11.1,1.8,11.1,4.6
0201002512000296,2025-11-29 00:00:00,RAIN_ALL,11,333,22.27,39.01,16.74,19.34,35.56,16.22,18.6,36.6,18.0,,38.68,,,1110.0,,,31.82,32.39,0.57,3.5,1290.0,71.0,249.7,,31.1,,,1410.0,,,4.7,1.6,4.7,4.2
0201002512000296,2025-11-30 19:00:00,RAIN_ALL,11,334,22.27,39.01,16.74,19.34,35.56,16.22,18.6,36.6,18.0,,38.62,,,540.0,,3.5,,32.41,,,600.0,,2.9,,31.12,,,240.0,,4.7,4.2,0.0,8.9,0.0
0201002512000296,2025-12-07 19:00:00,RAIN_ALL,12,341,22.27,39.01,16.74,19.34,35.56,16.22,18.6,36.6,18.0,38.2,40.02,1.82,10.9,480.0,25.0,294.1,31.3,35.7,4.41,27.2,540.0,,11.7,30.26,33.2,2.94,16.3,720.0,,11.9,9.2,0.0,11.2,1.2
0201002512000296,2026-01-09 03:00:00,RAIN_ALL,1,9,22.27,39.01,16.74,19.34,35.56,16.22,18.6,36.6,18.0,30.73,37.14,6.41,38.3,1050.0,,,27.73,30.0,2.27,14.0,870.0,,,26.77,28.12,1.35,7.5,1440.0,,1.8,11.2,6.5,12.1,10.6
0201002512000296,2026-01-10 14:00:00,RAIN_ALL,1,10,22.27,39.01,16.74,19.34,35.56,16.22,18.6,36.6,18.0,37.34,,,,,,,,,,,,,,29.7,,,,,,,,,,
0201002512000296,2026-01-12 17:00:00,RAIN_ALL,1,12,22.27,39.01,16.74,19.34,35.56,16.22,18.6,36.6,18.0,,,,,,,,,,,,,,,,,,,,,,,,,
0201002512000296,2026-01-26 03:00:00,RAIN_ALL,1,26,22.27,39.01,16.74,19.34,35.56,16.22,18.6,36.6,18.0,,,,,,,,,,,,,,,,,,,,,,,,,
0201002512000296,2026-01-26 15:00:00,RAIN_ALL,1,26,22.27,39.01,16.74,19.34,35.56,16.22,18.6,36.6,18.0,,,,,,,,,,,,,,,,,,,,,,,,,
0201002512000296,2026-01-29 06:00:00,RAIN_ALL,1,29,22.27,39.01,16.74,19.34,35.56,16.22,18.6,36.6,18.0,,,,,,,,,,,,,,,,,,,,,,,,,
0201002512000296,2026-02-12 04:00:00,RAIN_ALL,2,43,22.27,39.01,16.74,19.34,35.56,16.22,18.6,36.6,18.0,,,,,,,,,,,,,,,,,,,,,,,,,
0201002512000296,2026-02-12 17:00:00,RAIN_ALL,2,43,22.27,39.01,16.74,19.34,35.56,16.22,18.6,36.6,18.0,,,,,,,,,,,,,,,,,,,,,,,,,
0201002512000296,2026-02-17 01:00:00,RAIN_ALL,2,48,22.27,39.01,16.74,19.34,35.56,16.22,18.6,36.6,18.0,,,,,,,,,,,,,,,,,,,,,,,,,
0201002512000296,2026-02-19 08:00:00,RAIN_ALL,2,50,22.27,39.01,16.74,19.34,35.56,16.22,18.6,36.6,18.0,,,,,,,,,,,,,,,,,,,,,,,,,
0201002512000296,2026-02-22 05:00:00,RAIN_ALL,2,53,22.27,39.01,16.74,19.34,35.56,16.22,18.6,36.6,18.0,,,,,,,,,,,,,,,,,,,,,,,,,
0201002512000296,2026-02-22 19:00:00,RAIN_ALL,2,53,22.27,39.01,16.74,19.34,35.56,16.22,18.6,36.6,18.0,,,,,,,,,,,,,,,,,,,,,,,,,
0201002512000296,2026-02-24 02:00:00,RAIN_ALL,2,55,22.27,39.01,16.74,19.34,35.56,16.22,18.6,36.6,18.0,,,,,,,,,,,,,,,,,,,,,,,,,
0201002512000296,2026-03-16 15:00:00,RAIN_ALL,3,75,22.27,39.01,16.74,19.34,35.56,16.22,18.6,36.6,18.0,,,,,,,,,,,,,,,,,,,,,,,,,
0201002512000296,2026-03-25 15:00:00,RAIN_ALL,3,84,22.27,39.01,16.74,19.34,35.56,16.22,18.6,36.6,18.0,,,,,,,,,,,,,,,,,,,,,,,,,
0201002512000296,2026-03-30 07:00:00,RAIN_ALL,3,89,22.27,39.01,16.74,19.34,35.56,16.22,18.6,36.6,18.0,,,,,,,,,,,,,,,,,,,,,,,,,
0201002512000296,2026-04-12 20:00:00,RAIN_ALL,4,102,22.27,39.01,16.74,19.34,35.56,16.22,18.6,36.6,18.0,,,,,,,,,,,,,,,,,,,,,,,,,
0201002512000296,2024-02-05 03:00:00,RAIN_HEAD,2,36,22.27,39.01,16.74,19.34,35.56,16.22,18.6,36.6,18.0,29.26,29.26,0.0,0.0,660.0,0.0,17.4,27.8,27.97,0.17,1.0,1020.0,1.0,40.9,27.77,27.78,0.02,0.1,420.0,4.0,86.6,9.3,1.1,9.3,1.1
0201002512000296,2024-02-22 07:00:00,RAIN_HEAD,2,53,22.27,39.01,16.74,19.34,35.56,16.22,18.6,36.6,18.0,,,,,,,,,,,,,,,,,,,,,,,,,
0201002512000296,2024-03-16 15:00:00,RAIN_HEAD,3,76,22.27,39.01,16.74,19.34,35.56,16.22,18.6,36.6,18.0,,31.31,,,330.0,,,28.12,28.25,0.13,0.8,630.0,15.0,113.5,,27.64,,,1110.0,,,6.25,0.0,7.6,1.4
0201002512000296,2024-03-23 14:00:00,RAIN_HEAD,3,83,22.27,39.01,16.74,19.34,35.56,16.22,18.6,36.6,18.0,30.84,30.31,-0.53,-3.2,720.0,0.0,3.5,28.14,28.19,0.05,0.3,720.0,4.5,17.3,27.42,27.42,0.0,0.0,720.0,0.0,3.5,4.49,4.32,5.29,4.32
0201002512000296,2024-03-27 19:00:00,RAIN_HEAD,3,87,22.27,39.01,16.74,19.34,35.56,16.22,18.6,36.6,18.0,,,,,,,,,,,,,,,,,,,,,,,,,
0201002512000296,2024-05-02 18:00:00,RAIN_HEAD,5,123,22.27,39.01,16.74,19.34,35.56,16.22,18.6,36.6,18.0,,,,,,,,,,,,,,,,,,,,,,,,,
0201002512000296,2024-05-05 10:00:00,RAIN_HEAD,5,126,22.27,39.01,16.74,19.34,35.56,16.22,18.6,36.6,18.0,,,,,,,,,,,,,,,,,,,,,,,,,
0201002512000296,2024-05-16 18:00:00,RAIN_HEAD,5,137,22.27,39.01,16.74,19.34,35.56,16.22,18.6,36.6,18.0,,,,,,,,,,,,,,,,,,,,,,,,,
0201002512000296,2024-05-17 05:00:00,RAIN_HEAD,5,138,22.27,39.01,16.74,19.34,35.56,16.22,18.6,36.6,18.0,,,,,,,,,,,,,,,,,,,,,,,,,
0201002512000296,2024-05-21 14:00:00,RAIN_HEAD,5,142,22.27,39.01,16.74,19.34,35.56,16.22,18.6,36.6,18.0,,,,,,,,,,,,,,,,,,,,,,,,,
0201002512000296,2024-05-23 23:00:00,RAIN_HEAD,5,144,22.27,39.01,16.74,19.34,35.56,16.22,18.6,36.6,18.0,,,,,,,,,,,,,,,,,,,,,,,,,
0201002512000296,2024-05-27 19:00:00,RAIN_HEAD,5,148,22.27,39.01,16.74,19.34,35.56,16.22,18.6,36.6,18.0,35.48,35.53,0.05,0.3,30.0,2.0,30.4,26.27,26.45,0.18,1.1,30.0,2.0,30.4,23.75,23.67,-0.08,-0.4,30.0,0.0,,6.25,3.63,6.25,20.47
0201002512000296,2024-05-30 05:00:00,RAIN_HEAD,5,151,22.27,39.01,16.74,19.34,35.56,16.22,18.6,36.6,18.0,32.73,33.07,0.34,2.0,840.0,8.5,113.1,24.88,25.03,0.15,0.9,840.0,2.0,40.4,22.37,22.3,-0.07,-0.4,0.0,0.0,14.1,11.04,4.2,21.97,61.25
0201002512000296,2024-06-01 09:00:00,RAIN_HEAD,6,153,22.27,39.01,16.74,19.34,35.56,16.22,18.6,36.6,18.0,33.48,40.14,6.66,39.8,1140.0,,14.9,24.62,34.55,9.93,61.3,1440.0,,19.2,21.77,23.29,1.52,8.4,1260.0,,16.6,40.64,10.79,58.74,10.79
0201002512000296,2024-06-05 10:00:00,RAIN_HEAD,6,157,22.27,39.01,16.74,19.34,35.56,16.22,18.6,36.6,18.0,38.34,38.29,-0.05,-0.3,30.0,0.0,,33.95,33.75,-0.2,-1.2,0.0,0.0,18.8,31.79,31.64,-0.15,-0.8,30.0,0.0,,2.5,1.6,10.87,2.0
0201002512000296,2024-06-15 08:00:00,RAIN_HEAD,6,167,22.27,39.01,16.74,19.34,35.56,16.22,18.6,36.6,18.0,33.55,33.67,0.12,0.7,360.0,4.0,98.1,28.19,28.29,0.1,0.6,60.0,2.0,56.5,,26.58,,,180.0,,19.9,7.68,0.0,10.05,5.82
0201002512000296,2024-06-17 12:00:00,RAIN_HEAD,6,169,22.27,39.01,16.74,19.34,35.56,16.22,18.6,36.6,18.0,,31.47,,,30.0,,,25.38,24.97,-0.41,-2.5,270.0,0.0,,,23.84,,,30.0,,,5.12,0.7,12.8,17.87
0201002512000296,2024-06-22 01:00:00,RAIN_HEAD,6,174,22.27,39.01,16.74,19.34,35.56,16.22,18.6,36.6,18.0,,38.36,,,300.0,,15.9,33.66,33.67,0.01,0.1,120.0,1.0,30.2,32.47,32.27,-0.2,-1.1,60.0,0.0,15.6,21.93,3.2,27.53,3.2
0201002512000296,2024-06-30 05:00:00,RAIN_HEAD,6,182,22.27,39.01,16.74,19.34,35.56,16.22,18.6,36.6,18.0,38.9,38.65,-0.25,-1.5,180.0,0.0,23.9,,33.45,,,60.0,,22.7,33.23,32.95,-0.28,-1.6,0.0,0.0,22.3,4.45,12.34,17.6,19.98
0201002512000296,2024-06-30 15:00:00,RAIN_HEAD,6,182,22.27,39.01,16.74,19.34,35.56,16.22,18.6,36.6,18.0,38.36,38.27,-0.09,-0.5,0.0,0.0,20.7,32.1,31.91,-0.19,-1.2,0.0,0.0,20.7,31.78,31.78,0.0,0.0,0.0,0.0,20.7,11.55,14.94,19.1,17.08
0201002512000296,2024-07-06 16:00:00,RAIN_HEAD,7,188,22.27,39.01,16.74,19.34,35.56,16.22,18.6,36.6,18.0,,33.81,,,390.0,,,25.03,25.35,0.32,2.0,300.0,2.5,52.0,,23.32,,,360.0,,17.8,5.8,1.69,9.2,1.69
0201002512000296,2024-07-10 20:00:00,RAIN_HEAD,7,192,22.27,39.01,16.74,19.34,35.56,16.22,18.6,36.6,18.0,,30.25,,,0.0,,21.1,,23.54,,,0.0,,21.1,20.91,20.9,-0.01,-0.1,0.0,0.0,21.1,7.0,8.62,7.0,31.27
0201002512000296,2024-07-12 13:00:00,RAIN_HEAD,7,194,22.27,39.01,16.74,19.34,35.56,16.22,18.6,36.6,18.0,,29.13,,,390.0,,,22.92,23.17,0.25,1.5,300.0,9.5,188.1,,20.32,,,390.0,,,14.1,8.55,26.22,8.55
0201002512000296,2024-07-16 00:00:00,RAIN_HEAD,7,198,22.27,39.01,16.74,19.34,35.56,16.22,18.6,36.6,18.0,,40.13,,,990.0,,,,38.09,,,990.0,,,,37.58,,,990.0,,,5.83,0.0,5.83,0.0
0201002512000296,2024-07-28 00:00:00,RAIN_HEAD,7,210,22.27,39.01,16.74,19.34,35.56,16.22,18.6,36.6,18.0,37.79,36.32,-1.47,-8.8,750.0,0.0,,32.76,31.45,-1.31,-8.1,690.0,0.0,,31.03,30.22,-0.81,-4.5,510.0,0.0,,9.34,0.0,11.08,0.0
0201002512000296,2024-09-16 10:00:00,RAIN_HEAD,9,260,22.27,39.01,16.74,19.34,35.56,16.22,18.6,36.6,18.0,36.65,39.78,3.13,18.7,120.0,57.5,366.3,31.25,34.98,3.73,23.0,900.0,58.5,379.9,29.86,34.35,4.49,24.9,1080.0,58.5,411.3,6.12,2.0,6.96,2.0
0201002512000296,2024-10-10 19:00:00,RAIN_HEAD,10,284,22.27,39.01,16.74,19.34,35.56,16.22,18.6,36.6,18.0,38.27,39.28,1.01,6.0,750.0,34.0,106.8,34.05,35.7,1.65,10.2,870.0,28.0,48.6,33.24,34.62,1.38,7.7,1170.0,24.0,27.0,4.4,0.0,5.7,0.4
0201002512000296,2024-11-18 10:00:00,RAIN_HEAD,11,323,22.27,39.01,16.74,19.34,35.56,16.22,18.6,36.6,18.0,34.38,38.5,4.12,24.6,930.0,100.0,91.1,30.59,33.41,2.82,17.4,1230.0,,,28.54,30.8,2.26,12.6,1230.0,,,5.3,6.85,6.5,7.65
0201002512000296,2024-11-26 04:00:00,RAIN_HEAD,11,331,22.27,39.01,16.74,19.34,35.56,16.22,18.6,36.6,18.0,,35.87,,,1110.0,,,,31.97,,,1230.0,,,29.82,30.11,0.29,1.6,1170.0,86.0,144.6,5.26,0.0,5.72,0.54
0201002512000296,2024-12-02 06:00:00,RAIN_HEAD,12,337,22.27,39.01,16.74,19.34,35.56,16.22,18.6,36.6,18.0,33.51,33.76,0.25,1.5,1110.0,,,30.59,30.74,0.15,0.9,960.0,,,29.18,29.18,0.0,0.0,0.0,0.0,0.3,6.76,0.2,6.76,2.6
0201002512000296,2024-12-19 19:00:00,RAIN_HEAD,12,354,22.27,39.01,16.74,19.34,35.56,16.22,18.6,36.6,18.0,,34.82,,,1200.0,,3.5,30.94,31.17,0.23,1.4,900.0,1.0,,29.16,29.24,0.08,0.4,1200.0,15.0,8.5,3.6,0.8,4.1,7.02
0201002512000296,2025-01-02 12:00:00,RAIN_HEAD,1,2,22.27,39.01,16.74,19.34,35.56,16.22,18.6,36.6,18.0,,35.11,,,270.0,,,29.25,31.35,2.1,12.9,750.0,,,,29.73,,,1050.0,,,6.74,0.0,6.74,3.08
0201002512000296,2025-01-08 18:00:00,RAIN_HEAD,1,8,22.27,39.01,16.74,19.34,35.56,16.22,18.6,36.6,18.0,,35.33,,,1290.0,,,31.18,31.61,0.43,2.7,1290.0,37.0,11.1,,30.12,,,1290.0,,,3.59,3.0,4.86,3.0
0201002512000296,2025-02-11 04:00:00,RAIN_HEAD,2,42,22.27,39.01,16.74,19.34,35.56,16.22,18.6,36.6,18.0,31.02,31.49,0.47,2.8,1410.0,,,28.48,28.73,0.25,1.5,1350.0,,,27.16,27.3,0.14,0.8,1290.0,,,7.28,3.1,7.28,5.1
0201002512000296,2025-04-24 01:00:00,RAIN_HEAD,4,114,22.27,39.01,16.74,19.34,35.56,16.22,18.6,36.6,18.0,38.81,38.76,-0.05,-0.3,1050.0,0.0,,,35.1,,,0.0,,11.3,33.81,33.78,-0.03,-0.2,0.0,0.0,11.3,5.32,1.55,5.32,1.55
0201002512000296,2025-05-03 21:00:00,RAIN_HEAD,5,123,22.27,39.01,16.74,19.34,35.56,16.22,18.6,36.6,18.0,,34.84,,,540.0,,10.0,31.56,31.18,-0.38,-2.3,660.0,0.0,11.4,,28.72,,,660.0,,11.4,10.46,0.0,10.46,0.0
0201002512000296,2025-05-28 09:00:00,RAIN_HEAD,5,148,22.27,39.01,16.74,19.34,35.56,16.22,18.6,36.6,18.0,44.03,43.17,-0.86,-5.1,0.0,0.0,15.2,40.92,40.75,-0.17,-1.0,0.0,0.0,15.2,38.48,38.4,-0.08,-0.4,0.0,0.0,15.2,4.1,3.8,4.7,3.8
0201002512000296,2025-06-04 18:00:00,RAIN_HEAD,6,155,22.27,39.01,16.74,19.34,35.56,16.22,18.6,36.6,18.0,31.51,45.04,13.53,80.9,960.0,149.0,2486.0,,41.41,,,1140.0,,22.0,,44.94,,,960.0,,19.6,30.02,0.13,30.67,0.63
0201002512000296,2025-06-15 16:00:00,RAIN_HEAD,6,166,22.27,39.01,16.74,19.34,35.56,16.22,18.6,36.6,18.0,25.95,25.95,0.0,0.0,210.0,0.0,,21.31,21.23,-0.08,-0.5,690.0,0.0,,19.19,19.09,-0.1,-0.6,210.0,0.0,,10.45,1.41,10.45,1.41
0201002512000296,2025-08-29 06:00:00,RAIN_HEAD,8,241,22.27,39.01,16.74,19.34,35.56,16.22,18.6,36.6,18.0,,,,,,,,,20.2,,,0.0,,16.2,,,,,,,,,,,
0201002512000296,2025-09-04 22:00:00,RAIN_HEAD,9,247,22.27,39.01,16.74,19.34,35.56,16.22,18.6,36.6,18.0,,40.06,,,960.0,,17.5,32.73,37.46,4.73,29.2,1050.0,146.0,2330.3,,,,,,,,22.86,0.0,22.86,0.0
0201002512000296,2025-09-09 14:00:00,RAIN_HEAD,9,252,22.27,39.01,16.74,19.34,35.56,16.22,18.6,36.6,18.0,,33.84,,,1260.0,,17.3,,,,,,,,,26.86,,,1260.0,,17.3,5.0,0.8,5.0,2.6
0201002512000296,2025-09-14 03:00:00,RAIN_HEAD,9,257,22.27,39.01,16.74,19.34,35.56,16.22,18.6,36.6,18.0,30.61,35.15,4.54,27.1,1110.0,,,,25.41,,,180.0,,12.9,,22.66,,,300.0,,13.7,12.1,0.0,13.9,0.0
0201002512000296,2025-09-22 08:00:00,RAIN_HEAD,9,265,22.27,39.01,16.74,19.34,35.56,16.22,18.6,36.6,18.0,35.03,42.72,7.69,45.9,300.0,,11.1,28.35,40.2,11.85,73.1,480.0,,11.0,25.79,39.63,13.84,76.9,300.0,,11.1,12.5,0.0,12.5,5.9
0201002512000296,2025-09-24 18:00:00,RAIN_HEAD,9,267,22.27,39.01,16.74,19.34,35.56,16.22,18.6,36.6,18.0,,41.77,,,300.0,,10.3,,40.03,,,300.0,,10.3,,39.35,,,300.0,,10.3,5.8,0.1,18.3,0.7
0201002512000296,2025-10-22 03:00:00,RAIN_HEAD,10,295,22.27,39.01,16.74,19.34,35.56,16.22,18.6,36.6,18.0,,37.95,,,810.0,,,32.72,32.83,0.11,0.7,810.0,,,,31.34,,,690.0,,,5.8,8.9,7.2,15.6
0201002512000296,2025-11-02 02:00:00,RAIN_HEAD,11,306,22.27,39.01,16.74,19.34,35.56,16.22,18.6,36.6,18.0,38.16,39.48,1.32,7.9,1350.0,49.0,383.9,33.65,35.7,2.05,12.6,1350.0,66.0,506.0,32.81,34.12,1.31,7.3,1350.0,69.0,524.7,12.3,0.0,14.9,0.0
0201002512000296,2025-11-23 22:00:00,RAIN_HEAD,11,327,22.27,39.01,16.74,19.34,35.56,16.22,18.6,36.6,18.0,31.67,32.27,0.6,3.6,1380.0,,1.3,,29.48,,,240.0,,-0.1,28.73,28.77,0.04,0.2,120.0,1.0,-1.4,11.1,1.8,11.1,4.6
0201002512000296,2025-11-29 00:00:00,RAIN_HEAD,11,333,22.27,39.01,16.74,19.34,35.56,16.22,18.6,36.6,18.0,,38.68,,,1110.0,,,31.82,32.39,0.57,3.5,1290.0,71.0,249.7,,31.1,,,1410.0,,,4.7,1.6,4.7,4.2
0201002512000296,2025-11-30 19:00:00,RAIN_HEAD,11,334,22.27,39.01,16.74,19.34,35.56,16.22,18.6,36.6,18.0,,38.62,,,540.0,,3.5,,32.41,,,600.0,,2.9,,31.12,,,240.0,,4.7,4.2,0.0,8.9,0.0
0201002512000296,2026-01-09 03:00:00,RAIN_HEAD,1,9,22.27,39.01,16.74,19.34,35.56,16.22,18.6,36.6,18.0,30.73,37.14,6.41,38.3,1050.0,,,27.73,30.0,2.27,14.0,870.0,,,26.77,28.12,1.35,7.5,1440.0,,1.8,11.2,6.5,12.1,10.6
0201002512000296,2026-01-12 17:00:00,RAIN_HEAD,1,12,22.27,39.01,16.74,19.34,35.56,16.22,18.6,36.6,18.0,,,,,,,,,,,,,,,,,,,,,,,,,
0201002512000296,2026-01-26 03:00:00,RAIN_HEAD,1,26,22.27,39.01,16.74,19.34,35.56,16.22,18.6,36.6,18.0,,,,,,,,,,,,,,,,,,,,,,,,,
0201002512000296,2026-01-26 15:00:00,RAIN_HEAD,1,26,22.27,39.01,16.74,19.34,35.56,16.22,18.6,36.6,18.0,,,,,,,,,,,,,,,,,,,,,,,,,
0201002512000296,2026-01-29 06:00:00,RAIN_HEAD,1,29,22.27,39.01,16.74,19.34,35.56,16.22,18.6,36.6,18.0,,,,,,,,,,,,,,,,,,,,,,,,,
0201002512000296,2026-02-19 08:00:00,RAIN_HEAD,2,50,22.27,39.01,16.74,19.34,35.56,16.22,18.6,36.6,18.0,,,,,,,,,,,,,,,,,,,,,,,,,
0201002512000296,2026-03-16 15:00:00,RAIN_HEAD,3,75,22.27,39.01,16.74,19.34,35.56,16.22,18.6,36.6,18.0,,,,,,,,,,,,,,,,,,,,,,,,,
0201002512000296,2026-03-25 15:00:00,RAIN_HEAD,3,84,22.27,39.01,16.74,19.34,35.56,16.22,18.6,36.6,18.0,,,,,,,,,,,,,,,,,,,,,,,,,
0201002512000296,2024-02-05 03:00:00,RAIN_TAIL,2,36,22.27,39.01,16.74,19.34,35.56,16.22,18.6,36.6,18.0,29.26,29.26,0.0,0.0,660.0,0.0,17.4,27.8,27.97,0.17,1.0,1020.0,1.0,40.9,27.77,27.78,0.02,0.1,420.0,4.0,86.6,9.3,1.1,9.3,1.1
0201002512000296,2024-02-22 07:00:00,RAIN_TAIL,2,53,22.27,39.01,16.74,19.34,35.56,16.22,18.6,36.6,18.0,,,,,,,,,,,,,,,,,,,,,,,,,
0201002512000296,2024-03-16 15:00:00,RAIN_TAIL,3,76,22.27,39.01,16.74,19.34,35.56,16.22,18.6,36.6,18.0,,31.31,,,330.0,,,28.12,28.25,0.13,0.8,630.0,15.0,113.5,,27.64,,,1110.0,,,6.25,0.0,7.6,1.4
0201002512000296,2024-03-24 12:00:00,RAIN_TAIL,3,84,22.27,39.01,16.74,19.34,35.56,16.22,18.6,36.6,18.0,30.18,30.29,0.11,0.7,450.0,7.0,30.3,27.9,27.89,-0.01,-0.1,0.0,0.0,7.0,27.42,27.36,-0.06,-0.3,150.0,0.0,,3.62,1.0,7.81,6.7
0201002512000296,2024-03-27 19:00:00,RAIN_TAIL,3,87,22.27,39.01,16.74,19.34,35.56,16.22,18.6,36.6,18.0,,,,,,,,,,,,,,,,,,,,,,,,,
0201002512000296,2024-04-04 11:00:00,RAIN_TAIL,4,95,22.27,39.01,16.74,19.34,35.56,16.22,18.6,36.6,18.0,,,,,,,,,,,,,,,,,,,,,,,,,
0201002512000296,2024-04-21 06:00:00,RAIN_TAIL,4,112,22.27,39.01,16.74,19.34,35.56,16.22,18.6,36.6,18.0,,,,,,,,,,,,,,,,,,,,,,,,,
0201002512000296,2024-05-02 18:00:00,RAIN_TAIL,5,123,22.27,39.01,16.74,19.34,35.56,16.22,18.6,36.6,18.0,,,,,,,,,,,,,,,,,,,,,,,,,
0201002512000296,2024-05-17 05:00:00,RAIN_TAIL,5,138,22.27,39.01,16.74,19.34,35.56,16.22,18.6,36.6,18.0,,,,,,,,,,,,,,,,,,,,,,,,,
0201002512000296,2024-05-17 14:00:00,RAIN_TAIL,5,138,22.27,39.01,16.74,19.34,35.56,16.22,18.6,36.6,18.0,,,,,,,,,,,,,,,,,,,,,,,,,
0201002512000296,2024-05-21 14:00:00,RAIN_TAIL,5,142,22.27,39.01,16.74,19.34,35.56,16.22,18.6,36.6,18.0,,,,,,,,,,,,,,,,,,,,,,,,,
0201002512000296,2024-05-23 23:00:00,RAIN_TAIL,5,144,22.27,39.01,16.74,19.34,35.56,16.22,18.6,36.6,18.0,,,,,,,,,,,,,,,,,,,,,,,,,
0201002512000296,2024-05-24 16:00:00,RAIN_TAIL,5,145,22.27,39.01,16.74,19.34,35.56,16.22,18.6,36.6,18.0,,,,,,,,,,,,,,,,,,,,,,,,,
0201002512000296,2024-05-27 19:00:00,RAIN_TAIL,5,148,22.27,39.01,16.74,19.34,35.56,16.22,18.6,36.6,18.0,35.48,35.53,0.05,0.3,30.0,2.0,30.4,26.27,26.45,0.18,1.1,30.0,2.0,30.4,23.75,23.67,-0.08,-0.4,30.0,0.0,,6.25,3.63,6.25,20.47
0201002512000296,2024-05-30 05:00:00,RAIN_TAIL,5,151,22.27,39.01,16.74,19.34,35.56,16.22,18.6,36.6,18.0,32.73,33.07,0.34,2.0,840.0,8.5,113.1,24.88,25.03,0.15,0.9,840.0,2.0,40.4,22.37,22.3,-0.07,-0.4,0.0,0.0,14.1,11.04,4.2,21.97,61.25
0201002512000296,2024-06-02 07:00:00,RAIN_TAIL,6,154,22.27,39.01,16.74,19.34,35.56,16.22,18.6,36.6,18.0,40.14,40.13,-0.01,-0.1,0.0,0.0,17.6,30.45,35.67,5.22,32.2,720.0,114.0,1929.8,22.04,33.53,11.49,63.8,1440.0,,16.8,39.1,9.57,53.75,9.57
0201002512000296,2024-06-05 10:00:00,RAIN_TAIL,6,157,22.27,39.01,16.74,19.34,35.56,16.22,18.6,36.6,18.0,38.34,38.29,-0.05,-0.3,30.0,0.0,,33.95,33.75,-0.2,-1.2,0.0,0.0,18.8,31.79,31.64,-0.15,-0.8,30.0,0.0,,2.5,1.6,10.87,2.0
0201002512000296,2024-06-15 08:00:00,RAIN_TAIL,6,167,22.27,39.01,16.74,19.34,35.56,16.22,18.6,36.6,18.0,33.55,33.67,0.12,0.7,360.0,4.0,98.1,28.19,28.29,0.1,0.6,60.0,2.0,56.5,,26.58,,,180.0,,19.9,7.68,0.0,10.05,5.82
0201002512000296,2024-06-17 12:00:00,RAIN_TAIL,6,169,22.27,39.01,16.74,19.34,35.56,16.22,18.6,36.6,18.0,,31.47,,,30.0,,,25.38,24.97,-0.41,-2.5,270.0,0.0,,,23.84,,,30.0,,,5.12,0.7,12.8,17.87
0201002512000296,2024-06-22 01:00:00,RAIN_TAIL,6,174,22.27,39.01,16.74,19.34,35.56,16.22,18.6,36.6,18.0,,38.36,,,300.0,,15.9,33.66,33.67,0.01,0.1,120.0,1.0,30.2,32.47,32.27,-0.2,-1.1,60.0,0.0,15.6,21.93,3.2,27.53,3.2
0201002512000296,2024-07-06 16:00:00,RAIN_TAIL,7,188,22.27,39.01,16.74,19.34,35.56,16.22,18.6,36.6,18.0,,33.81,,,390.0,,,25.03,25.35,0.32,2.0,300.0,2.5,52.0,,23.32,,,360.0,,17.8,5.8,1.69,9.2,1.69
0201002512000296,2024-07-10 20:00:00,RAIN_TAIL,7,192,22.27,39.01,16.74,19.34,35.56,16.22,18.6,36.6,18.0,,30.25,,,0.0,,21.1,,23.54,,,0.0,,21.1,20.91,20.9,-0.01,-0.1,0.0,0.0,21.1,7.0,8.62,7.0,31.27
0201002512000296,2024-07-12 13:00:00,RAIN_TAIL,7,194,22.27,39.01,16.74,19.34,35.56,16.22,18.6,36.6,18.0,,29.13,,,390.0,,,22.92,23.17,0.25,1.5,300.0,9.5,188.1,,20.32,,,390.0,,,14.1,8.55,26.22,8.55
0201002512000296,2024-07-16 00:00:00,RAIN_TAIL,7,198,22.27,39.01,16.74,19.34,35.56,16.22,18.6,36.6,18.0,,40.13,,,990.0,,,,38.09,,,990.0,,,,37.58,,,990.0,,,5.83,0.0,5.83,0.0
0201002512000296,2024-07-28 00:00:00,RAIN_TAIL,7,210,22.27,39.01,16.74,19.34,35.56,16.22,18.6,36.6,18.0,37.79,36.32,-1.47,-8.8,750.0,0.0,,32.76,31.45,-1.31,-8.1,690.0,0.0,,31.03,30.22,-0.81,-4.5,510.0,0.0,,9.34,0.0,11.08,0.0
0201002512000296,2024-09-16 10:00:00,RAIN_TAIL,9,260,22.27,39.01,16.74,19.34,35.56,16.22,18.6,36.6,18.0,36.65,39.78,3.13,18.7,120.0,57.5,366.3,31.25,34.98,3.73,23.0,900.0,58.5,379.9,29.86,34.35,4.49,24.9,1080.0,58.5,411.3,6.12,2.0,6.96,2.0
0201002512000296,2024-10-10 19:00:00,RAIN_TAIL,10,284,22.27,39.01,16.74,19.34,35.56,16.22,18.6,36.6,18.0,38.27,39.28,1.01,6.0,750.0,34.0,106.8,34.05,35.7,1.65,10.2,870.0,28.0,48.6,33.24,34.62,1.38,7.7,1170.0,24.0,27.0,4.4,0.0,5.7,0.4
0201002512000296,2024-11-19 22:00:00,RAIN_TAIL,11,324,22.27,39.01,16.74,19.34,35.56,16.22,18.6,36.6,18.0,,39.58,,,240.0,,,33.51,35.59,2.08,12.8,240.0,23.0,8.9,,33.83,,,480.0,,,6.85,0.6,13.35,1.6
0201002512000296,2024-11-26 04:00:00,RAIN_TAIL,11,331,22.27,39.01,16.74,19.34,35.56,16.22,18.6,36.6,18.0,,35.87,,,1110.0,,,,31.97,,,1230.0,,,29.82,30.11,0.29,1.6,1170.0,86.0,144.6,5.26,0.0,5.72,0.54
0201002512000296,2024-12-07 12:00:00,RAIN_TAIL,12,342,22.27,39.01,16.74,19.34,35.56,16.22,18.6,36.6,18.0,,36.81,,,1050.0,,,32.92,34.48,1.56,9.6,390.0,17.0,10.0,31.4,32.61,1.21,6.7,510.0,15.0,5.4,3.7,0.0,10.8,0.0
0201002512000296,2024-12-19 19:00:00,RAIN_TAIL,12,354,22.27,39.01,16.74,19.34,35.56,16.22,18.6,36.6,18.0,,34.82,,,1200.0,,3.5,30.94,31.17,0.23,1.4,900.0,1.0,,29.16,29.24,0.08,0.4,1200.0,15.0,8.5,3.6,0.8,4.1,7.02
0201002512000296,2024-12-22 13:00:00,RAIN_TAIL,12,357,22.27,39.01,16.74,19.34,35.56,16.22,18.6,36.6,18.0,35.04,36.18,1.14,6.8,330.0,36.5,15.9,31.07,32.06,0.99,6.1,810.0,74.0,46.3,29.31,30.07,0.76,4.2,1170.0,87.0,54.6,5.82,0.4,10.22,0.4
0201002512000296,2025-01-02 12:00:00,RAIN_TAIL,1,2,22.27,39.01,16.74,19.34,35.56,16.22,18.6,36.6,18.0,,35.11,,,270.0,,,29.25,31.35,2.1,12.9,750.0,,,,29.73,,,1050.0,,,6.74,0.0,6.74,3.08
0201002512000296,2025-01-09 16:00:00,RAIN_TAIL,1,9,22.27,39.01,16.74,19.34,35.56,16.22,18.6,36.6,18.0,35.28,35.33,0.05,0.3,0.0,17.5,12.1,31.55,31.82,0.27,1.7,1050.0,4.0,2.4,,30.34,,,1050.0,,,5.09,3.0,6.36,3.0
0201002512000296,2025-01-28 07:00:00,RAIN_TAIL,1,28,22.27,39.01,16.74,19.34,35.56,16.22,18.6,36.6,18.0,33.87,35.33,1.46,8.7,630.0,39.5,50.0,29.68,30.91,1.23,7.6,1230.0,106.5,101.9,27.94,28.74,0.8,4.4,930.0,149.5,115.5,6.34,0.4,9.02,0.6
0201002512000296,2025-02-11 04:00:00,RAIN_TAIL,2,42,22.27,39.01,16.74,19.34,35.56,16.22,18.6,36.6,18.0,31.02,31.49,0.47,2.8,1410.0,,,28.48,28.73,0.25,1.5,1350.0,,,27.16,27.3,0.14,0.8,1290.0,,,7.28,3.1,7.28,5.1
0201002512000296,2025-03-24 16:00:00,RAIN_TAIL,3,83,22.27,39.01,16.74,19.34,35.56,16.22,18.6,36.6,18.0,33.52,34.03,0.51,3.0,1410.0,63.5,504.0,,30.6,,,240.0,,10.0,,28.34,,,1350.0,,,2.94,1.04,6.21,1.24
0201002512000296,2025-04-24 01:00:00,RAIN_TAIL,4,114,22.27,39.01,16.74,19.34,35.56,16.22,18.6,36.6,18.0,38.81,38.76,-0.05,-0.3,1050.0,0.0,,,35.1,,,0.0,,11.3,33.81,33.78,-0.03,-0.2,0.0,0.0,11.3,5.32,1.55,5.32,1.55
0201002512000296,2025-05-03 21:00:00,RAIN_TAIL,5,123,22.27,39.01,16.74,19.34,35.56,16.22,18.6,36.6,18.0,,34.84,,,540.0,,10.0,31.56,31.18,-0.38,-2.3,660.0,0.0,11.4,,28.72,,,660.0,,11.4,10.46,0.0,10.46,0.0
0201002512000296,2025-05-28 09:00:00,RAIN_TAIL,5,148,22.27,39.01,16.74,19.34,35.56,16.22,18.6,36.6,18.0,44.03,43.17,-0.86,-5.1,0.0,0.0,15.2,40.92,40.75,-0.17,-1.0,0.0,0.0,15.2,38.48,38.4,-0.08,-0.4,0.0,0.0,15.2,4.1,3.8,4.7,3.8
0201002512000296,2025-06-04 18:00:00,RAIN_TAIL,6,155,22.27,39.01,16.74,19.34,35.56,16.22,18.6,36.6,18.0,31.51,45.04,13.53,80.9,960.0,149.0,2486.0,,41.41,,,1140.0,,22.0,,44.94,,,960.0,,19.6,30.02,0.13,30.67,0.63
0201002512000296,2025-06-15 16:00:00,RAIN_TAIL,6,166,22.27,39.01,16.74,19.34,35.56,16.22,18.6,36.6,18.0,25.95,25.95,0.0,0.0,210.0,0.0,,21.31,21.23,-0.08,-0.5,690.0,0.0,,19.19,19.09,-0.1,-0.6,210.0,0.0,,10.45,1.41,10.45,1.41
0201002512000296,2025-07-22 09:00:00,RAIN_TAIL,7,203,22.27,39.01,16.74,19.34,35.56,16.22,18.6,36.6,18.0,,,,,,,,,,,,,,,,,,,,,,,,,
0201002512000296,2025-07-27 10:00:00,RAIN_TAIL,7,208,22.27,39.01,16.74,19.34,35.56,16.22,18.6,36.6,18.0,38.98,39.86,0.88,5.3,180.0,22.5,380.1,29.93,32.31,2.38,14.7,1110.0,32.5,556.6,25.55,28.53,2.98,16.6,1110.0,37.5,653.0,2.06,4.3,3.16,5.0
0201002512000296,2025-08-01 07:00:00,RAIN_TAIL,8,213,22.27,39.01,16.74,19.34,35.56,16.22,18.6,36.6,18.0,,34.2,,,390.0,,,,26.24,,,1020.0,,12.7,,22.97,,,390.0,,,8.03,0.3,9.93,3.98
0201002512000296,2025-08-29 06:00:00,RAIN_TAIL,8,241,22.27,39.01,16.74,19.34,35.56,16.22,18.6,36.6,18.0,,,,,,,,,20.2,,,0.0,,16.2,,,,,,,,,,,
0201002512000296,2025-09-04 22:00:00,RAIN_TAIL,9,247,22.27,39.01,16.74,19.34,35.56,16.22,18.6,36.6,18.0,,40.06,,,960.0,,17.5,32.73,37.46,4.73,29.2,1050.0,146.0,2330.3,,,,,,,,22.86,0.0,22.86,0.0
0201002512000296,2025-09-09 14:00:00,RAIN_TAIL,9,252,22.27,39.01,16.74,19.34,35.56,16.22,18.6,36.6,18.0,,33.84,,,1260.0,,17.3,,,,,,,,,26.86,,,1260.0,,17.3,5.0,0.8,5.0,2.6
0201002512000296,2025-09-14 03:00:00,RAIN_TAIL,9,257,22.27,39.01,16.74,19.34,35.56,16.22,18.6,36.6,18.0,30.61,35.15,4.54,27.1,1110.0,,,,25.41,,,180.0,,12.9,,22.66,,,300.0,,13.7,12.1,0.0,13.9,0.0
0201002512000296,2025-09-22 08:00:00,RAIN_TAIL,9,265,22.27,39.01,16.74,19.34,35.56,16.22,18.6,36.6,18.0,35.03,42.72,7.69,45.9,300.0,,11.1,28.35,40.2,11.85,73.1,480.0,,11.0,25.79,39.63,13.84,76.9,300.0,,11.1,12.5,0.0,12.5,5.9
0201002512000296,2025-09-24 18:00:00,RAIN_TAIL,9,267,22.27,39.01,16.74,19.34,35.56,16.22,18.6,36.6,18.0,,41.77,,,300.0,,10.3,,40.03,,,300.0,,10.3,,39.35,,,300.0,,10.3,5.8,0.1,18.3,0.7
0201002512000296,2025-10-06 15:00:00,RAIN_TAIL,10,279,22.27,39.01,16.74,19.34,35.56,16.22,18.6,36.6,18.0,,38.77,,,570.0,,,,35.04,,,810.0,,,32.12,32.85,0.73,4.1,570.0,,,4.0,0.5,8.4,0.5
0201002512000296,2025-10-23 08:00:00,RAIN_TAIL,10,296,22.27,39.01,16.74,19.34,35.56,16.22,18.6,36.6,18.0,,,,,,,,,,,,,,,,,,,,,,,,,
0201002512000296,2025-10-27 06:00:00,RAIN_TAIL,10,300,22.27,39.01,16.74,19.34,35.56,16.22,18.6,36.6,18.0,,,,,,,,,,,,,,,,,,,,,,,,,
0201002512000296,2025-11-02 17:00:00,RAIN_TAIL,11,306,22.27,39.01,16.74,19.34,35.56,16.22,18.6,36.6,18.0,,39.48,,,450.0,,,,35.7,,,450.0,,,,35.02,,,870.0,,,12.3,0.0,14.9,0.0
0201002512000296,2025-11-23 22:00:00,RAIN_TAIL,11,327,22.27,39.01,16.74,19.34,35.56,16.22,18.6,36.6,18.0,31.67,32.27,0.6,3.6,1380.0,,1.3,,29.48,,,240.0,,-0.1,28.73,28.77,0.04,0.2,120.0,1.0,-1.4,11.1,1.8,11.1,4.6
0201002512000296,2025-11-29 00:00:00,RAIN_TAIL,11,333,22.27,39.01,16.74,19.34,35.56,16.22,18.6,36.6,18.0,,38.68,,,1110.0,,,31.82,32.39,0.57,3.5,1290.0,71.0,249.7,,31.1,,,1410.0,,,4.7,1.6,4.7,4.2
0201002512000296,2025-11-30 19:00:00,RAIN_TAIL,11,334,22.27,39.01,16.74,19.34,35.56,16.22,18.6,36.6,18.0,,38.62,,,540.0,,3.5,,32.41,,,600.0,,2.9,,31.12,,,240.0,,4.7,4.2,0.0,8.9,0.0
0201002512000296,2025-12-07 19:00:00,RAIN_TAIL,12,341,22.27,39.01,16.74,19.34,35.56,16.22,18.6,36.6,18.0,38.2,40.02,1.82,10.9,480.0,25.0,294.1,31.3,35.7,4.41,27.2,540.0,,11.7,30.26,33.2,2.94,16.3,720.0,,11.9,9.2,0.0,11.2,1.2
0201002512000296,2026-01-10 14:00:00,RAIN_TAIL,1,10,22.27,39.01,16.74,19.34,35.56,16.22,18.6,36.6,18.0,37.34,,,,,,,,,,,,,,29.7,,,,,,,,,,
0201002512000296,2026-01-12 17:00:00,RAIN_TAIL,1,12,22.27,39.01,16.74,19.34,35.56,16.22,18.6,36.6,18.0,,,,,,,,,,,,,,,,,,,,,,,,,
0201002512000296,2026-01-26 03:00:00,RAIN_TAIL,1,26,22.27,39.01,16.74,19.34,35.56,16.22,18.6,36.6,18.0,,,,,,,,,,,,,,,,,,,,,,,,,
0201002512000296,2026-01-26 15:00:00,RAIN_TAIL,1,26,22.27,39.01,16.74,19.34,35.56,16.22,18.6,36.6,18.0,,,,,,,,,,,,,,,,,,,,,,,,,
0201002512000296,2026-01-29 06:00:00,RAIN_TAIL,1,29,22.27,39.01,16.74,19.34,35.56,16.22,18.6,36.6,18.0,,,,,,,,,,,,,,,,,,,,,,,,,
0201002512000296,2026-02-17 01:00:00,RAIN_TAIL,2,48,22.27,39.01,16.74,19.34,35.56,16.22,18.6,36.6,18.0,,,,,,,,,,,,,,,,,,,,,,,,,
0201002512000296,2026-02-19 08:00:00,RAIN_TAIL,2,50,22.27,39.01,16.74,19.34,35.56,16.22,18.6,36.6,18.0,,,,,,,,,,,,,,,,,,,,,,,,,
0201002512000296,2026-02-24 02:00:00,RAIN_TAIL,2,55,22.27,39.01,16.74,19.34,35.56,16.22,18.6,36.6,18.0,,,,,,,,,,,,,,,,,,,,,,,,,
0201002512000296,2026-03-16 15:00:00,RAIN_TAIL,3,75,22.27,39.01,16.74,19.34,35.56,16.22,18.6,36.6,18.0,,,,,,,,,,,,,,,,,,,,,,,,,
0201002512000296,2026-03-25 15:00:00,RAIN_TAIL,3,84,22.27,39.01,16.74,19.34,35.56,16.22,18.6,36.6,18.0,,,,,,,,,,,,,,,,,,,,,,,,,
0201002512000296,2026-03-30 07:00:00,RAIN_TAIL,3,89,22.27,39.01,16.74,19.34,35.56,16.22,18.6,36.6,18.0,,,,,,,,,,,,,,,,,,,,,,,,,
0201002512000296,2024-06-01 09:00:00,RAIN_HEAD_IMPACT,6,153,22.27,39.01,16.74,19.34,35.56,16.22,18.6,36.6,18.0,33.48,40.14,6.66,39.8,1140.0,,14.9,24.62,34.55,9.93,61.3,1440.0,,19.2,21.77,23.29,1.52,8.4,1260.0,,16.6,40.64,10.79,58.74,10.79
0201002512000296,2024-09-16 10:00:00,RAIN_HEAD_IMPACT,9,260,22.27,39.01,16.74,19.34,35.56,16.22,18.6,36.6,18.0,36.65,39.78,3.13,18.7,120.0,57.5,366.3,31.25,34.98,3.73,23.0,900.0,58.5,379.9,29.86,34.35,4.49,24.9,1080.0,58.5,411.3,6.12,2.0,6.96,2.0
0201002512000296,2024-10-10 19:00:00,RAIN_HEAD_IMPACT,10,284,22.27,39.01,16.74,19.34,35.56,16.22,18.6,36.6,18.0,38.27,39.28,1.01,6.0,750.0,34.0,106.8,34.05,35.7,1.65,10.2,870.0,28.0,48.6,33.24,34.62,1.38,7.7,1170.0,24.0,27.0,4.4,0.0,5.7,0.4
0201002512000296,2024-11-18 10:00:00,RAIN_HEAD_IMPACT,11,323,22.27,39.01,16.74,19.34,35.56,16.22,18.6,36.6,18.0,34.38,38.5,4.12,24.6,930.0,100.0,91.1,30.59,33.41,2.82,17.4,1230.0,,,28.54,30.8,2.26,12.6,1230.0,,,5.3,6.85,6.5,7.65
0201002512000296,2025-01-02 12:00:00,RAIN_HEAD_IMPACT,1,2,22.27,39.01,16.74,19.34,35.56,16.22,18.6,36.6,18.0,,35.11,,,270.0,,,29.25,31.35,2.1,12.9,750.0,,,,29.73,,,1050.0,,,6.74,0.0,6.74,3.08
0201002512000296,2025-06-04 18:00:00,RAIN_HEAD_IMPACT,6,155,22.27,39.01,16.74,19.34,35.56,16.22,18.6,36.6,18.0,31.51,45.04,13.53,80.9,960.0,149.0,2486.0,,41.41,,,1140.0,,22.0,,44.94,,,960.0,,19.6,30.02,0.13,30.67,0.63
0201002512000296,2025-09-14 03:00:00,RAIN_HEAD_IMPACT,9,257,22.27,39.01,16.74,19.34,35.56,16.22,18.6,36.6,18.0,30.61,35.15,4.54,27.1,1110.0,,,,25.41,,,180.0,,12.9,,22.66,,,300.0,,13.7,12.1,0.0,13.9,0.0
0201002512000296,2025-09-22 08:00:00,RAIN_HEAD_IMPACT,9,265,22.27,39.01,16.74,19.34,35.56,16.22,18.6,36.6,18.0,35.03,42.72,7.69,45.9,300.0,,11.1,28.35,40.2,11.85,73.1,480.0,,11.0,25.79,39.63,13.84,76.9,300.0,,11.1,12.5,0.0,12.5,5.9
0201002512000296,2025-11-02 02:00:00,RAIN_HEAD_IMPACT,11,306,22.27,39.01,16.74,19.34,35.56,16.22,18.6,36.6,18.0,38.16,39.48,1.32,7.9,1350.0,49.0,383.9,33.65,35.7,2.05,12.6,1350.0,66.0,506.0,32.81,34.12,1.31,7.3,1350.0,69.0,524.7,12.3,0.0,14.9,0.0
0201002512000296,2026-01-09 03:00:00,RAIN_HEAD_IMPACT,1,9,22.27,39.01,16.74,19.34,35.56,16.22,18.6,36.6,18.0,30.73,37.14,6.41,38.3,1050.0,,,27.73,30.0,2.27,14.0,870.0,,,26.77,28.12,1.35,7.5,1440.0,,1.8,11.2,6.5,12.1,10.6
0201002512000296,2024-06-01 09:00:00,RAIN_STRONG,6,153,22.27,39.01,16.74,19.34,35.56,16.22,18.6,36.6,18.0,33.48,40.14,6.66,39.8,1140.0,,14.9,24.62,34.55,9.93,61.3,1440.0,,19.2,21.77,23.29,1.52,8.4,1260.0,,16.6,40.64,10.79,58.74,10.79
0201002512000296,2024-09-16 10:00:00,RAIN_STRONG,9,260,22.27,39.01,16.74,19.34,35.56,16.22,18.6,36.6,18.0,36.65,39.78,3.13,18.7,120.0,57.5,366.3,31.25,34.98,3.73,23.0,900.0,58.5,379.9,29.86,34.35,4.49,24.9,1080.0,58.5,411.3,6.12,2.0,6.96,2.0
0201002512000296,2024-10-10 19:00:00,RAIN_STRONG,10,284,22.27,39.01,16.74,19.34,35.56,16.22,18.6,36.6,18.0,38.27,39.28,1.01,6.0,750.0,34.0,106.8,34.05,35.7,1.65,10.2,870.0,28.0,48.6,33.24,34.62,1.38,7.7,1170.0,24.0,27.0,4.4,0.0,5.7,0.4
0201002512000296,2024-11-18 10:00:00,RAIN_STRONG,11,323,22.27,39.01,16.74,19.34,35.56,16.22,18.6,36.6,18.0,34.38,38.5,4.12,24.6,930.0,100.0,91.1,30.59,33.41,2.82,17.4,1230.0,,,28.54,30.8,2.26,12.6,1230.0,,,5.3,6.85,6.5,7.65
0201002512000296,2025-09-22 08:00:00,RAIN_STRONG,9,265,22.27,39.01,16.74,19.34,35.56,16.22,18.6,36.6,18.0,35.03,42.72,7.69,45.9,300.0,,11.1,28.35,40.2,11.85,73.1,480.0,,11.0,25.79,39.63,13.84,76.9,300.0,,11.1,12.5,0.0,12.5,5.9
0201002512000296,2024-06-02 07:00:00,RAIN_TAIL_DRY,6,154,22.27,39.01,16.74,19.34,35.56,16.22,18.6,36.6,18.0,40.14,40.13,-0.01,-0.1,0.0,0.0,17.6,30.45,35.67,5.22,32.2,720.0,114.0,1929.8,22.04,33.53,11.49,63.8,1440.0,,16.8,39.1,9.57,53.75,9.57
0201002512000296,2024-09-16 10:00:00,RAIN_TAIL_DRY,9,260,22.27,39.01,16.74,19.34,35.56,16.22,18.6,36.6,18.0,36.65,39.78,3.13,18.7,120.0,57.5,366.3,31.25,34.98,3.73,23.0,900.0,58.5,379.9,29.86,34.35,4.49,24.9,1080.0,58.5,411.3,6.12,2.0,6.96,2.0
0201002512000296,2024-10-10 19:00:00,RAIN_TAIL_DRY,10,284,22.27,39.01,16.74,19.34,35.56,16.22,18.6,36.6,18.0,38.27,39.28,1.01,6.0,750.0,34.0,106.8,34.05,35.7,1.65,10.2,870.0,28.0,48.6,33.24,34.62,1.38,7.7,1170.0,24.0,27.0,4.4,0.0,5.7,0.4
0201002512000296,2024-11-19 22:00:00,RAIN_TAIL_DRY,11,324,22.27,39.01,16.74,19.34,35.56,16.22,18.6,36.6,18.0,,39.58,,,240.0,,,33.51,35.59,2.08,12.8,240.0,23.0,8.9,,33.83,,,480.0,,,6.85,0.6,13.35,1.6
0201002512000296,2024-12-07 12:00:00,RAIN_TAIL_DRY,12,342,22.27,39.01,16.74,19.34,35.56,16.22,18.6,36.6,18.0,,36.81,,,1050.0,,,32.92,34.48,1.56,9.6,390.0,17.0,10.0,31.4,32.61,1.21,6.7,510.0,15.0,5.4,3.7,0.0,10.8,0.0
0201002512000296,2024-12-22 13:00:00,RAIN_TAIL_DRY,12,357,22.27,39.01,16.74,19.34,35.56,16.22,18.6,36.6,18.0,35.04,36.18,1.14,6.8,330.0,36.5,15.9,31.07,32.06,0.99,6.1,810.0,74.0,46.3,29.31,30.07,0.76,4.2,1170.0,87.0,54.6,5.82,0.4,10.22,0.4
0201002512000296,2025-01-28 07:00:00,RAIN_TAIL_DRY,1,28,22.27,39.01,16.74,19.34,35.56,16.22,18.6,36.6,18.0,33.87,35.33,1.46,8.7,630.0,39.5,50.0,29.68,30.91,1.23,7.6,1230.0,106.5,101.9,27.94,28.74,0.8,4.4,930.0,149.5,115.5,6.34,0.4,9.02,0.6
0201002512000296,2025-06-04 18:00:00,RAIN_TAIL_DRY,6,155,22.27,39.01,16.74,19.34,35.56,16.22,18.6,36.6,18.0,31.51,45.04,13.53,80.9,960.0,149.0,2486.0,,41.41,,,1140.0,,22.0,,44.94,,,960.0,,19.6,30.02,0.13,30.67,0.63
0201002512000296,2025-07-27 10:00:00,RAIN_TAIL_DRY,7,208,22.27,39.01,16.74,19.34,35.56,16.22,18.6,36.6,18.0,38.98,39.86,0.88,5.3,180.0,22.5,380.1,29.93,32.31,2.38,14.7,1110.0,32.5,556.6,25.55,28.53,2.98,16.6,1110.0,37.5,653.0,2.06,4.3,3.16,5.0
0201002512000296,2025-12-07 19:00:00,RAIN_TAIL_DRY,12,341,22.27,39.01,16.74,19.34,35.56,16.22,18.6,36.6,18.0,38.2,40.02,1.82,10.9,480.0,25.0,294.1,31.3,35.7,4.41,27.2,540.0,,11.7,30.26,33.2,2.94,16.3,720.0,,11.9,9.2,0.0,11.2,1.2
0201002512000296,2024-09-16 10:00:00,RAIN_FULL,9,260,22.27,39.01,16.74,19.34,35.56,16.22,18.6,36.6,18.0,36.65,39.78,3.13,18.7,120.0,57.5,366.3,31.25,34.98,3.73,23.0,900.0,58.5,379.9,29.86,34.35,4.49,24.9,1080.0,58.5,411.3,6.12,2.0,6.96,2.0
0201002512000296,2024-10-10 19:00:00,RAIN_FULL,10,284,22.27,39.01,16.74,19.34,35.56,16.22,18.6,36.6,18.0,38.27,39.28,1.01,6.0,750.0,34.0,106.8,34.05,35.7,1.65,10.2,870.0,28.0,48.6,33.24,34.62,1.38,7.7,1170.0,24.0,27.0,4.4,0.0,5.7,0.4
0201002512000296,2025-06-04 18:00:00,RAIN_FULL,6,155,22.27,39.01,16.74,19.34,35.56,16.22,18.6,36.6,18.0,31.51,45.04,13.53,80.9,960.0,149.0,2486.0,,41.41,,,1140.0,,22.0,,44.94,,,960.0,,19.6,30.02,0.13,30.67,0.63
0201002512000296,2024-02-22 07:00:00,RAIN_GAP_DROP,2,53,22.27,39.01,16.74,19.34,35.56,16.22,18.6,36.6,18.0,,,,,,,,,,,,,,,,,,,,,,,,,
0201002512000296,2024-03-27 19:00:00,RAIN_GAP_DROP,3,87,22.27,39.01,16.74,19.34,35.56,16.22,18.6,36.6,18.0,,,,,,,,,,,,,,,,,,,,,,,,,
0201002512000296,2024-04-04 11:00:00,RAIN_GAP_DROP,4,95,22.27,39.01,16.74,19.34,35.56,16.22,18.6,36.6,18.0,,,,,,,,,,,,,,,,,,,,,,,,,
0201002512000296,2024-04-21 06:00:00,RAIN_GAP_DROP,4,112,22.27,39.01,16.74,19.34,35.56,16.22,18.6,36.6,18.0,,,,,,,,,,,,,,,,,,,,,,,,,
0201002512000296,2024-05-02 18:00:00,RAIN_GAP_DROP,5,123,22.27,39.01,16.74,19.34,35.56,16.22,18.6,36.6,18.0,,,,,,,,,,,,,,,,,,,,,,,,,
0201002512000296,2024-05-05 10:00:00,RAIN_GAP_DROP,5,126,22.27,39.01,16.74,19.34,35.56,16.22,18.6,36.6,18.0,,,,,,,,,,,,,,,,,,,,,,,,,
0201002512000296,2024-05-16 18:00:00,RAIN_GAP_DROP,5,137,22.27,39.01,16.74,19.34,35.56,16.22,18.6,36.6,18.0,,,,,,,,,,,,,,,,,,,,,,,,,
0201002512000296,2024-05-17 05:00:00,RAIN_GAP_DROP,5,138,22.27,39.01,16.74,19.34,35.56,16.22,18.6,36.6,18.0,,,,,,,,,,,,,,,,,,,,,,,,,
0201002512000296,2024-05-17 14:00:00,RAIN_GAP_DROP,5,138,22.27,39.01,16.74,19.34,35.56,16.22,18.6,36.6,18.0,,,,,,,,,,,,,,,,,,,,,,,,,
0201002512000296,2024-05-21 14:00:00,RAIN_GAP_DROP,5,142,22.27,39.01,16.74,19.34,35.56,16.22,18.6,36.6,18.0,,,,,,,,,,,,,,,,,,,,,,,,,
0201002512000296,2024-05-23 23:00:00,RAIN_GAP_DROP,5,144,22.27,39.01,16.74,19.34,35.56,16.22,18.6,36.6,18.0,,,,,,,,,,,,,,,,,,,,,,,,,
0201002512000296,2024-05-24 16:00:00,RAIN_GAP_DROP,5,145,22.27,39.01,16.74,19.34,35.56,16.22,18.6,36.6,18.0,,,,,,,,,,,,,,,,,,,,,,,,,
0201002512000296,2025-07-22 09:00:00,RAIN_GAP_DROP,7,203,22.27,39.01,16.74,19.34,35.56,16.22,18.6,36.6,18.0,,,,,,,,,,,,,,,,,,,,,,,,,
0201002512000296,2025-08-29 06:00:00,RAIN_GAP_DROP,8,241,22.27,39.01,16.74,19.34,35.56,16.22,18.6,36.6,18.0,,,,,,,,,20.2,,,0.0,,16.2,,,,,,,,,,,
0201002512000296,2025-09-04 22:00:00,RAIN_GAP_DROP,9,247,22.27,39.01,16.74,19.34,35.56,16.22,18.6,36.6,18.0,,40.06,,,960.0,,17.5,32.73,37.46,4.73,29.2,1050.0,146.0,2330.3,,,,,,,,22.86,0.0,22.86,0.0
0201002512000296,2025-09-09 14:00:00,RAIN_GAP_DROP,9,252,22.27,39.01,16.74,19.34,35.56,16.22,18.6,36.6,18.0,,33.84,,,1260.0,,17.3,,,,,,,,,26.86,,,1260.0,,17.3,5.0,0.8,5.0,2.6
0201002512000296,2025-10-06 15:00:00,RAIN_GAP_DROP,10,279,22.27,39.01,16.74,19.34,35.56,16.22,18.6,36.6,18.0,,38.77,,,570.0,,,,35.04,,,810.0,,,32.12,32.85,0.73,4.1,570.0,,,4.0,0.5,8.4,0.5
0201002512000296,2025-10-23 08:00:00,RAIN_GAP_DROP,10,296,22.27,39.01,16.74,19.34,35.56,16.22,18.6,36.6,18.0,,,,,,,,,,,,,,,,,,,,,,,,,
0201002512000296,2025-10-27 06:00:00,RAIN_GAP_DROP,10,300,22.27,39.01,16.74,19.34,35.56,16.22,18.6,36.6,18.0,,,,,,,,,,,,,,,,,,,,,,,,,
0201002512000296,2026-01-10 14:00:00,RAIN_GAP_DROP,1,10,22.27,39.01,16.74,19.34,35.56,16.22,18.6,36.6,18.0,37.34,,,,,,,,,,,,,,29.7,,,,,,,,,,
0201002512000296,2026-01-12 17:00:00,RAIN_GAP_DROP,1,12,22.27,39.01,16.74,19.34,35.56,16.22,18.6,36.6,18.0,,,,,,,,,,,,,,,,,,,,,,,,,
0201002512000296,2026-01-26 03:00:00,RAIN_GAP_DROP,1,26,22.27,39.01,16.74,19.34,35.56,16.22,18.6,36.6,18.0,,,,,,,,,,,,,,,,,,,,,,,,,
0201002512000296,2026-01-26 15:00:00,RAIN_GAP_DROP,1,26,22.27,39.01,16.74,19.34,35.56,16.22,18.6,36.6,18.0,,,,,,,,,,,,,,,,,,,,,,,,,
0201002512000296,2026-01-29 06:00:00,RAIN_GAP_DROP,1,29,22.27,39.01,16.74,19.34,35.56,16.22,18.6,36.6,18.0,,,,,,,,,,,,,,,,,,,,,,,,,
0201002512000296,2026-02-17 01:00:00,RAIN_GAP_DROP,2,48,22.27,39.01,16.74,19.34,35.56,16.22,18.6,36.6,18.0,,,,,,,,,,,,,,,,,,,,,,,,,
0201002512000296,2026-02-19 08:00:00,RAIN_GAP_DROP,2,50,22.27,39.01,16.74,19.34,35.56,16.22,18.6,36.6,18.0,,,,,,,,,,,,,,,,,,,,,,,,,
0201002512000296,2026-02-24 02:00:00,RAIN_GAP_DROP,2,55,22.27,39.01,16.74,19.34,35.56,16.22,18.6,36.6,18.0,,,,,,,,,,,,,,,,,,,,,,,,,
0201002512000296,2026-03-16 15:00:00,RAIN_GAP_DROP,3,75,22.27,39.01,16.74,19.34,35.56,16.22,18.6,36.6,18.0,,,,,,,,,,,,,,,,,,,,,,,,,
0201002512000296,2026-03-25 15:00:00,RAIN_GAP_DROP,3,84,22.27,39.01,16.74,19.34,35.56,16.22,18.6,36.6,18.0,,,,,,,,,,,,,,,,,,,,,,,,,
0201002512000296,2026-03-30 07:00:00,RAIN_GAP_DROP,3,89,22.27,39.01,16.74,19.34,35.56,16.22,18.6,36.6,18.0,,,,,,,,,,,,,,,,,,,,,,,,,
